Sample	Genotype_ursa	Filter_ursa	Genotype_Cyrius	Filter_Cyrius
NA12718	*1/*1	PASS	*1/*1	PASS
NA12748	*2/*4	PASS	*2/*4	PASS
HG01204	*1/*41	PASS	*1/*41	PASS
NA18549	*10/*36+*10	PASS	*10/*36+*10	PASS
NA18546	*10/*2	PASS	*10/*2	PASS
HG01191	*2/*41	PASS	*2/*41	PASS
NA18557	*36+*10/*36+*10	PASS	*36+*10/*36+*10	PASS
NA12843	*1/*35	PASS	*1/*35	PASS
NA18595	*1/*36+*10	PASS	*1/*36+*10	PASS
NA20767	*1/*1	PASS	*1/*1	PASS
NA18610	*36+*10/*36+*10	PASS	*36+*10/*36+*10	PASS
NA20768	*4/*41	PASS	*4/*41	PASS
HG03484	*17/*17	PASS	*17/*17	PASS
NA12842	*1/*1	PASS	*1/*1	PASS
NA20276	*1/*17	PASS	*1/*17	PASS
NA20758	*4/*4	PASS	*4/*4	PASS
NA19223	*17/*2	PASS	*17/*2	PASS
HG02494	*1/*1	PASS	*1/*1	PASS
HG01188	*1/*9	PASS	*1/*9	PASS
HG01697	*2/*2	PASS	*2/*2	PASS
HG00372	*2/*5	PASS	*2/*5	PASS
HG00531	*1/*1	PASS	*1/*1	PASS
NA18537	*1/*36+*10	PASS	*1/*36+*10	PASS
NA18548	None	None	None	None
NA19914	*1/*17	PASS	*1/*17	PASS
NA19430	*2/*5	PASS	*2/*5	PASS
HG03476	*2/*5	PASS	*2/*5	PASS
HG02775	*1/*2	PASS	*1/*2	PASS
NA12890	*68+*4/*68+*4	PASS	*68+*4/*68+*4	PASS
HG03775	*1/*10	PASS	*1/*10	PASS
NA21094	*1/*4	PASS	*1/*4	PASS
HG00188	*1/*2	PASS	*1/*2	PASS
HG02774	*2/*86	PASS	*2/*86	PASS
HG03789	*1/*2	PASS	*1/*2	PASS
NA18535	*10/*36+*10	PASS	*10/*36+*10	PASS
NA20764	*41/*5	PASS	*41/*5	PASS
HG02224	*1/*2x2	PASS	*1/*2x2	PASS
HG03115	*17/*2x2	PASS	*17/*2x2	PASS
HG00537	*10/*36+*10	PASS	*10/*36+*10	PASS
HG03999	*1/*2	PASS	*1/*2	PASS
HG03706	*1/*4	PASS	*1/*4	PASS
NA20760	*1/*41	PASS	*1/*41	PASS
HG00350	*1/*1	PASS	*1/*1	PASS
NA19437	*17/*2	PASS	*17/*2	PASS
HG03472	*2/*29	PASS	*2/*29	PASS
HG00365	*1/*6	PASS	*1/*6	PASS
HG01136	*4/*4	PASS	*4/*4	PASS
HG03649	*2/*7	PASS	*2/*7	PASS
NA18544	*10/*41	PASS	*10/*41	PASS
NA19443	*17/*17	PASS	*17/*17	PASS
HG03455	*17/*5	PASS	*17/*5	PASS
HG00177	*1/*1	PASS	*1/*1	PASS
NA19917	*1/*40	PASS	*1/*40	PASS
HG02793	*1/*1	PASS	*1/*1	PASS
HG03910	*1/*1	PASS	*1/*1	PASS
HG01198	*1/*2x2	PASS	*1/*2x2	PASS
HG00534	*36+*10/*36+*10	PASS	*36+*10/*36+*10	PASS
HG00364	*1/*2	PASS	*1/*2	PASS
HG03114	*1/*2x2	PASS	*1/*2x2	PASS
HG03971	*1/*35	PASS	*1/*35	PASS
HG02597	*1/*41	PASS	*1/*41	PASS
NA20756	*2/*68+*4	PASS	*2/*68+*4	PASS
HG01134	*1/*2	PASS	*1/*2	PASS
NA20126	*1/*41	PASS	*1/*41	PASS
HG03100	*1/*17	PASS	*1/*17	PASS
NA19436	*1/*17	PASS	*1/*17	PASS
HG03437	*106/*29	PASS	*106/*29	PASS
HG02792	*10/*2	PASS	*10/*2	PASS
NA12778	*1/*68+*4	PASS	*1/*68+*4	PASS
HG03685	*2/*41	PASS	*2/*41	PASS
HG00371	*1/*35	PASS	*1/*35	PASS
HG00536	*1/*10	PASS	*1/*10	PASS
HG02922	*17/*17	PASS	*17/*17	PASS
HG03228	*2/*2	PASS	*2/*2	PASS
NA19921	*4/*5	PASS	*4/*5	PASS
HG01197	*1/*35	PASS	*1/*35	PASS
NA19440	*1/*10	PASS	*1/*10	PASS
HG03485	*1/*36	PASS	*1/*36	PASS
HG03919	*1/*1	PASS	*1/*1	PASS
HG03464	*1/*17	PASS	*1/*17	PASS
NA18539	*2/*36+*10	PASS	*2/*36+*10	PASS
NA19434	*1/*1	PASS	*1/*1	PASS
HG02691	*1/*2	PASS	*1/*2	PASS
NA18543	*10/*10	PASS	*10/*10	PASS
HG02048	*10/*36+*10	PASS	*10/*36+*10	PASS
HG02974	*29/*5	PASS	*29/*5	PASS
HG00366	*3/*5	PASS	*3/*5	PASS
HG00533	*5/*36+*10	PASS	*5/*36+*10	PASS
HG01173	*2/*41	PASS	*2/*41	PASS
HG02778	*1_*2_*68	Not_assigned_to_haplotypes	*1_*2_*68	Not_assigned_to_haplotypes
HG03548	*17/*5	PASS	*17/*5	PASS
HG01140	*1/*41	PASS	*1/*41	PASS
NA20127	*1/*5	PASS	*1/*5	PASS
HG00500	*10/*36+*10	PASS	*10/*36+*10	PASS
HG00187	*1/*1	PASS	*1/*1	PASS
NA18597	*1/*2	PASS	*1/*2	PASS
HG03762	*1/*36+*10	PASS	*1/*36+*10	PASS
NA19435	*2/*43	PASS	*2/*43	PASS
HG02138	*41/*36+*10	PASS	*41/*36+*10	PASS
HG00368	*2/*6	PASS	*2/*6	PASS
HG00179	*1/*1x2	PASS	*1/*1x2	PASS
HG03294	*17/*29	PASS	*17/*29	PASS
NA18559	None	None	None	None
HG03640	*1/*4	PASS	*1/*4	PASS
NA18528	*1/*1	PASS	*1/*1	PASS
HG00553	*29/*68+*4	PASS	*29/*68+*4	PASS
HG00185	*1/*2	PASS	*1/*2	PASS
HG01167	*1/*41	PASS	*1/*41	PASS
NA18531	*1/*10	PASS	*1/*10	PASS
NA18534	*10/*2	PASS	*10/*2	PASS
HG00542	*1/*36+*10	PASS	*1/*36+*10	PASS
HG01593	*1/*1	PASS	*1/*1	PASS
HG03547	*1/*2	PASS	*1/*2	PASS
HG02973	*17/*2x2	PASS	*17/*2x2	PASS
NA11933	*35/*41	PASS	*35/*41	PASS
HG03736	*4/*4	PASS	*4/*4	PASS
NA19438	*1/*1	PASS	*1/*1	PASS
HG01187	*1/*5	PASS	*1/*5	PASS
HG03705	*1/*1	PASS	*1/*1	PASS
NA19920	*1/*4x2	PASS	*1/*4x2	PASS
HG00543	*1/*1	PASS	*1/*1	PASS
HG00174	*2/*6	PASS	*2/*6	PASS
NA20769	*1/*41	PASS	*1/*41	PASS
HG03295	*17/*41	PASS	*17/*41	PASS
HG03021	*1/*41	PASS	*1/*41	PASS
HG03672	*10/*41	PASS	*10/*41	PASS
NA12046	*1/*4	PASS	*1/*4	PASS
HG03874	*41/*36+*10	PASS	*41/*36+*10	PASS
HG02923	*2x2/*29	PASS	*2x2/*29	PASS
NA18533	*10/*36+*10	PASS	*10/*36+*10	PASS
NA20765	*35/*35	PASS	*35/*35	PASS
HG01799	*36+*10/*36+*10	PASS	*36+*10/*36+*10	PASS
HG03652	*1/*2	PASS	*1/*2	PASS
HG03869	*1/*2	PASS	*1/*2	PASS
HG00190	*2/*3	PASS	*2/*3	PASS
HG00367	*1/*3	PASS	*1/*3	PASS
HG03563	*1/*29	PASS	*1/*29	PASS
NA18488	*1/*1	PASS	*1/*1	PASS
HG03687	*1/*43	PASS	*1/*43	PASS
HG03864	*2/*4	PASS	*2/*4	PASS
HG03625	*1/*41	PASS	*1/*41	PASS
NA18525	*2/*36+*10	PASS	*2/*36+*10	PASS
HG00178	*1/*1	PASS	*1/*1	PASS
HG03978	*1/*41	PASS	*1/*41	PASS
HG03711	*2/*4	PASS	*2/*4	PASS
NA18536	*10/*36+*10	PASS	*10/*36+*10	PASS
HG01950	*1/*4	PASS	*1/*4	PASS
NA18538	*1/*36+*10	PASS	*1/*36+*10	PASS
HG03788	*1/*4	PASS	*1/*4	PASS
HG03108	*4x2/*41	PASS	*4x2/*41	PASS
HG03436	*1/*10	PASS	*1/*10	PASS
HG01762	*1/*4	PASS	*1/*4	PASS
NA20757	*4/*9x2	PASS	*4/*9x2	PASS
HG01923	*1/*2	PASS	*1/*2	PASS
NA19982	*13/*68+*4	PASS	*13/*68+*4	PASS
HG03786	*2/*41	PASS	*2/*41	PASS
HG00183	*1/*2	PASS	*1/*2	PASS
HG01761	*1/*41	PASS	*1/*41	PASS
HG01241	*1/*4	PASS	*1/*4	PASS
NA18542	*1/*36+*10	PASS	*1/*36+*10	PASS
HG03268	*1/*45	PASS	*1/*45	PASS
HG03773	None	None	None	None
HG00369	*1/*9	PASS	*1/*9	PASS
HG02943	*1/*17	PASS	*1/*17	PASS
HG03697	*1/*1	PASS	*1/*1	PASS
HG01190	*5/*68+*4	PASS	*5/*68+*4	PASS
HG01920	*1/*2	PASS	*1/*2	PASS
HG03862	*2/*43	PASS	*2/*43	PASS
NA19916	*125/*2	PASS	*125/*2	PASS
HG03109	*1/*2	PASS	*1/*2	PASS
HG00556	*1/*1	PASS	*1/*1	PASS
HG03301	*1/*5	PASS	*1/*5	PASS
HG01770	*35/*68+*4	PASS	*35/*68+*4	PASS
HG01182	*1/*35	PASS	*1/*35	PASS
NA19467	*2/*29	PASS	*2/*29	PASS
NA18560	*10/*41	PASS	*10/*41	PASS
HG03974	*41/*86	PASS	*41/*86	PASS
HG03099	*1/*1	PASS	*1/*1	PASS
HG02977	*10/*4x2	PASS	*10/*4x2	PASS
HG03690	*2/*2	PASS	*2/*2	PASS
NA12775	*1/*10	PASS	*1/*10	PASS
NA18545	*36+*10/*36+*10	PASS	*36+*10/*36+*10	PASS
NA19454	*17/*45	PASS	*17/*45	PASS
HG03559	*2/*2	PASS	*2/*2	PASS
NA18553	*2/*36+*10	PASS	*2/*36+*10	PASS
HG00181	*1/*4	PASS	*1/*4	PASS
HG01797	*1/*5	PASS	*1/*5	PASS
NA18563	*1/*36+*10	PASS	*1/*36+*10	PASS
NA20766	*1/*68+*4	PASS	*1/*68+*4	PASS
HG00557	*2/*36+*10	PASS	*2/*36+*10	PASS
HG02614	*1/*17	PASS	*1/*17	PASS
HG03469	None	None	None	None
HG01709	*1/*2	PASS	*1/*2	PASS
HG02476	*1/*17	PASS	*1/*17	PASS
NA19468	*1/*2	PASS	*1/*2	PASS
HG02947	*2/*46	PASS	*2/*46	PASS
NA12777	*1/*6	PASS	*1/*6	PASS
HG01455	*4/*41	PASS	*4/*41	PASS
NA19448	*1/*45	PASS	*1/*45	PASS
HG03698	*2/*2	PASS	*2/*2	PASS
HG00182	*1/*4	PASS	*1/*4	PASS
HG01927	*1/*1	PASS	*1/*1	PASS
HG01456	*4/*41	PASS	*4/*41	PASS
NA20755	*1/*2	PASS	*1/*2	PASS
HG03291	*17/*43	PASS	*17/*43	PASS
NA19455	*1/*41	PASS	*1/*41	PASS
HG02238	*1/*5	PASS	*1/*5	PASS
HG03744	*2/*2x2	PASS	*2/*2x2	PASS
HG01921	*1/*1	PASS	*1/*1	PASS
HG00231	*1/*35	PASS	*1/*35	PASS
HG00233	*1/*1	PASS	*1/*1	PASS
HG02439	*1/*2	PASS	*1/*2	PASS
HG02230	*1/*4	PASS	*1/*4	PASS
NA19472	*17/*2	PASS	*17/*2	PASS
HG01695	*1/*10	PASS	*1/*10	PASS
HG03578	*17/*2	PASS	*17/*2	PASS
NA19449	*1/*17	PASS	*1/*17	PASS
NA20759	*1/*1	PASS	*1/*1	PASS
HG00176	*1/*4	PASS	*1/*4	PASS
HG02239	*1/*17	PASS	*1/*17	PASS
HG00560	*36+*10/*36+*10	PASS	*36+*10/*36+*10	PASS
NA18552	*1/*14	PASS	*1/*14	PASS
HG03745	*1/*2	PASS	*1/*2	PASS
HG00237	*2/*35	PASS	*2/*35	PASS
HG02461	*1/*17	PASS	*1/*17	PASS
HG00180	*1/*2	PASS	*1/*2	PASS
HG03577	*1/*10	PASS	*1/*10	PASS
HG02455	*4/*5	PASS	*4/*5	PASS
HG01747	*1/*5	PASS	*1/*5	PASS
NA19466	*17/*43	PASS	*17/*43	PASS
HG03118	*17/*5	PASS	*17/*5	PASS
HG01883	*29/*4	PASS	*29/*4	PASS
HG03121	*1/*17	PASS	*1/*17	PASS
HG03973	*41/*41	PASS	*41/*41	PASS
HG01746	*1/*68+*4	PASS	*1/*68+*4	PASS
NA19463	*29/*29	PASS	*29/*29	PASS
HG02032	*36+*10/*36+*10	PASS	*36+*10/*36+*10	PASS
HG02946	*1/*17	PASS	*1/*17	PASS
NA18530	*1/*1	PASS	*1/*1	PASS
HG00554	*4/*4	PASS	*4/*4	PASS
HG02944	*106/*2	PASS	*106/*2	PASS
HG02976	*1/*17	PASS	*1/*17	PASS
HG03752	*1/*1	PASS	*1/*1	PASS
NA18555	None	None	None	None
HG00565	None	None	None	None
HG01205	*1/*4	PASS	*1/*4	PASS
NA18574	*1/*2	PASS	*1/*2	PASS
HG00234	*41/*68+*4	PASS	*41/*68+*4	PASS
HG03557	*1/*2	PASS	*1/*2	PASS
HG03738	*4/*4	PASS	*4/*4	PASS
NA19446	*17/*2	PASS	*17/*2	PASS
NA19462	*17/*68+*45	PASS	*17_*45_*68	Not_assigned_to_haplotypes
HG01174	*1/*41	PASS	*1/*41	PASS
HG01947	*1/*41	PASS	*1/*41	PASS
HG00559	*10/*10	PASS	*10/*10	PASS
HG00238	*1/*2	PASS	*1/*2	PASS
HG01694	*2/*2	PASS	*2/*2	PASS
HG01932	*2/*2	PASS	*2/*2	PASS
HG02573	*1/*5	PASS	*1/*5	PASS
HG01885	*2/*29	PASS	*2/*29	PASS
HG00580	*1/*10	PASS	*1/*10	PASS
HG00240	*1/*2	PASS	*1/*2	PASS
HG03515	*17/*2	PASS	*17/*2	PASS
NA19471	*1/*5	PASS	*1/*5	PASS
HG01771	*1/*68+*4	PASS	*1/*68+*4	PASS
HG01461	*1/*41	PASS	*1/*41	PASS
NA19456	*45_*45_*68	Not_assigned_to_haplotypes	*45_*45_*68	Not_assigned_to_haplotypes
HG00446	*2/*41	PASS	*2/*41	PASS
HG00404	*10/*36+*10	PASS	*10/*36+*10	PASS
HG01951	*1/*2	PASS	*1/*2	PASS
HG00375	*2/*41	PASS	*2/*41	PASS
HG01756	*35/*4	PASS	*35/*4	PASS
HG04026	*1/*41	PASS	*1/*41	PASS
HG00654	*10/*36+*10	PASS	*10/*36+*10	PASS
HG02215	*4/*4	PASS	*4/*4	PASS
HG03583	*17/*4x2	PASS	*17/*4x2	PASS
NA20278	*1/*1	PASS	*1/*1	PASS
NA19445	*1/*2	PASS	*1/*2	PASS
NA18562	*1/*1	PASS	*1/*1	PASS
HG01757	*117/*35	PASS	*117/*35	PASS
NA18596	*1/*36+*10	PASS	*1/*36+*10	PASS
HG03882	*1/*112	PASS	*1/*112	PASS
NA20281	*17/*5	PASS	*17/*5	PASS
HG03976	*1/*2	PASS	*1/*2	PASS
HG03572	*10/*5	PASS	*10/*5	PASS
HG01973	*1/*1	PASS	*1/*1	PASS
HG03686	*1/*41	PASS	*1/*41	PASS
NA18602	*10/*36+*10	PASS	*10/*36+*10	PASS
HG00472	*1/*10	PASS	*1/*10	PASS
NA20282	*2/*4	PASS	*2/*4	PASS
HG04002	None	None	None	None
HG01977	*1/*2	PASS	*1/*2	PASS
HG00376	*1/*35	PASS	*1/*35	PASS
HG00125	*4/*68+*4	PASS	*4/*68+*4	PASS
HG01710	*1/*1	PASS	*1/*1	PASS
HG00384	*1/*1	PASS	*1/*1	PASS
HG03575	*1/*40	PASS	*1/*40	PASS
HG01976	*1/*1	PASS	*1/*1	PASS
HG00513	*10/*10	PASS	*10/*10	PASS
NA18541	*1/*36+*10	PASS	*1/*36+*10	PASS
HG03695	*1/*1	PASS	*1/*1	PASS
HG00403	*1/*36+*10	PASS	*1/*36+*10	PASS
HG01183	*4/*4	PASS	*4/*4	PASS
HG00373	*2/*2	PASS	*2/*2	PASS
NA18577	*1/*1	PASS	*1/*1	PASS
HG04017	*1/*2	PASS	*1/*2	PASS
HG03391	*17/*40	PASS	*17/*40	PASS
HG03124	*1/*1	PASS	*1/*1	PASS
HG03733	*1/*1	PASS	*1/*1	PASS
HG01177	*2/*41	PASS	*2/*41	PASS
HG01948	*1/*2	PASS	*1/*2	PASS
NA19452	*17/*4x2	PASS	*17/*4x2	PASS
NA18579	*10/*36+*10	PASS	*10/*36+*10	PASS
HG01064	*1/*4	PASS	*1/*4	PASS
NA18567	*1/*2	PASS	*1/*2	PASS
HG01882	*1/*41	PASS	*1/*41	PASS
HG01796	*36+*10/*36+*10	PASS	*36+*10/*36+*10	PASS
NA19451	*1/*17	PASS	*1/*17	PASS
HG03300	*1/*17	PASS	*1/*17	PASS
NA21099	*1/*2	PASS	*1/*2	PASS
HG01063	*1/*35	PASS	*1/*35	PASS
HG01945	*1/*2	PASS	*1/*2	PASS
HG00566	*2/*36+*10	PASS	*2/*36+*10	PASS
HG03696	*1/*1	PASS	*1/*1	PASS
NA20754	*33/*5	PASS	*33/*5	PASS
HG01974	*1/*1	PASS	*1/*1	PASS
HG01942	*1/*4	PASS	*1/*4	PASS
HG00672	*1/*36+*10	PASS	*1/*36+*10	PASS
HG00581	*36+*10/*36+*10	PASS	*36+*10/*36+*10	PASS
HG03449	*1/*10	PASS	*1/*10	PASS
NA20761	*1/*6	PASS	*1/*6	PASS
HG01954	*2/*68+*4	PASS	*2/*68+*4	PASS
HG01795	*10/*36+*10	PASS	*10/*36+*10	PASS
HG01944	*1/*10	PASS	*1/*10	PASS
HG01162	*1/*35x2	PASS	*1/*35x2	PASS
HG03767	*1/*1	PASS	*1/*1	PASS
NA18582	*2/*2x2	PASS	*2/*2x2	PASS
HG00239	*1/*35	PASS	*1/*35	PASS
HG00583	*36+*10/*36+*10	PASS	*36+*10/*36+*10	PASS
HG00657	*5/*36+*10	PASS	*5/*36+*10	PASS
NA18565	*36/*36+*10	PASS	*36/*36+*10	PASS
HG01149	*1/*1	PASS	*1/*1	PASS
HG01967	*1/*2	PASS	*1/*2	PASS
HG03556	*17/*5	PASS	*17/*5	PASS
NA20772	*1/*4	PASS	*1/*4	PASS
HG01892	*2/*5	PASS	*2/*5	PASS
HG03160	*17/*2	PASS	*17/*2	PASS
HG03729	*1/*10	PASS	*1/*10	PASS
HG03694	*1/*1	PASS	*1/*1	PASS
NA21098	*2/*2	PASS	*2/*2	PASS
HG02731	*1/*2	PASS	*1/*2	PASS
HG01251	*1/*2	PASS	*1/*2	PASS
HG01489	*1/*27	PASS	*1/*27	PASS
HG00381	*1/*2	PASS	*1/*2	PASS
HG03366	*17/*29	PASS	*17/*29	PASS
HG02360	*36+*10/*36+*10	PASS	*36+*10/*36+*10	PASS
HG01589	*68+*4/*68+*4	PASS	*68+*4/*68+*4	PASS
NA19474	*2/*2	PASS	*2/*2	PASS
HG03691	*1/*41	PASS	*1/*41	PASS
HG00118	*1/*41	PASS	*1/*41	PASS
HG03162	*15/*2	PASS	*15/*2	PASS
HG03019	*1/*1	PASS	*1/*1	PASS
HG00690	*1/*36+*10	PASS	*1/*36+*10	PASS
NA19473	*1/*2	PASS	*1/*2	PASS
HG01247	*1/*41	PASS	*1/*41	PASS
HG01798	*1/*10	PASS	*1/*10	PASS
HG03514	*17/*17	PASS	*17/*17	PASS
HG02250	*1/*1	PASS	*1/*1	PASS
HG01171	*1/*41	PASS	*1/*41	PASS
HG01119	*1/*4	PASS	*1/*4	PASS
NA18566	*2/*36+*10	PASS	*2/*36+*10	PASS
HG00449	*10/*41	PASS	*10/*41	PASS
HG02355	*1/*10	PASS	*1/*10	PASS
HG02477	*17/*17	PASS	*17/*17	PASS
HG03689	*1/*1	PASS	*1/*1	PASS
HG03784	*1/*2	PASS	*1/*2	PASS
HG03271	*1/*1	PASS	*1/*1	PASS
HG01492	*1/*2	PASS	*1/*2	PASS
NA18564	*2/*36+*10	PASS	*2/*36+*10	PASS
HG02502	*17/*4	PASS	*17/*4	PASS
NA20753	*1/*1	PASS	*1/*1	PASS
HG04239	*1/*1	PASS	*1/*1	PASS
HG03727	*1/*1	PASS	*1/*1	PASS
HG02364	*41/*36+*10	PASS	*41/*36+*10	PASS
NA19457	*1/*46;*43/*45	More_than_one_possible_genotype	*1/*46;*43/*45	More_than_one_possible_genotype
NA18570	*1/*1	PASS	*1/*1	PASS
HG00159	*35/*4	PASS	*35/*4	PASS
HG01800	*10/*36+*10	PASS	*10/*36+*10	PASS
HG02501	*29/*5	PASS	*29/*5	PASS
HG01092	*1/*10	PASS	*1/*10	PASS
NA18591	*10/*36+*10	PASS	*10/*36+*10	PASS
HG01970	*2/*2	PASS	*2/*2	PASS
NA20752	*1/*4	PASS	*1/*4	PASS
HG03267	*1/*40	PASS	*1/*40	PASS
HG03018	*1/*1	PASS	*1/*1	PASS
HG01801	None	None	None	None
NA18629	*1/*41	PASS	*1/*41	PASS
NA19475	*1/*45	PASS	*1/*45	PASS
HG03120	*1/*2	PASS	*1/*2	PASS
HG02505	*17/*41	PASS	*17/*41	PASS
HG00443	*2/*5	PASS	*2/*5	PASS
HG01494	*4/*43x2	PASS	*4/*43x2	PASS
HG01805	*10/*41	PASS	*10/*41	PASS
HG00663	*1/*10	PASS	*1/*10	PASS
NA21097	*1/*68+*4	PASS	*1/*68+*4	PASS
HG02694	*1/*1	PASS	*1/*1	PASS
HG03280	*1/*10	PASS	*1/*10	PASS
HG00119	*1/*2	PASS	*1/*2	PASS
HG02031	*10/*4	PASS	*10/*4	PASS
HG01807	*1/*10	PASS	*1/*10	PASS
HG01586	*4/*41	PASS	*4/*41	PASS
HG00235	*4/*4	PASS	*4/*4	PASS
NA20504	*2/*68+*68+*4	PASS	*2/*68+*68+*4	PASS
HG02371	*36+*10/*36+*10	PASS	*36+*10/*36+*10	PASS
HG00236	*4/*41	PASS	*4/*41	PASS
HG00593	*2/*36+*10	PASS	*2/*36+*10	PASS
HG01806	*1/*1	PASS	*1/*1	PASS
HG01465	*1/*10	PASS	*1/*10	PASS
HG01412	*1/*41	PASS	*1/*41	PASS
NA20503	*1/*4	PASS	*1/*4	PASS
HG03279	*17/*4	PASS	*17/*4	PASS
HG02536	*1/*2x2	PASS	*1/*2x2	PASS
HG01462	*1/*3	PASS	*1/*3	PASS
NA20763	*41/*68+*4	PASS	*41/*68+*4	PASS
HG03871	*2/*35	PASS	*2/*35	PASS
NA18573	*2/*36+*10	PASS	*2/*36+*10	PASS
HG01164	*1/*2	PASS	*1/*2	PASS
HG01583	*41/*68+*4	PASS	*41/*68+*4	PASS
HG01498	*1/*2	PASS	*1/*2	PASS
HG00123	*1/*4	PASS	*1/*4	PASS
HG00595	*10/*36+*36+*83+*10	PASS	*10/*36+*36+*83+*10	PASS
HG01816	*36+*10/*36+*10	PASS	*36+*10/*36+*10	PASS
HG02481	*10/*2	PASS	*10/*2	PASS
HG01953	*1/*2	PASS	*1/*2	PASS
HG02353	*10/*36+*10	PASS	*10/*36+*10	PASS
HG03571	*17/*45	PASS	*17/*45	PASS
HG00122	*4/*9	PASS	*4/*9	PASS
HG00684	*1/*36+*10	PASS	*1/*36+*10	PASS
NA19461	*29/*5	PASS	*29/*5	PASS
HG01495	*2/*41	PASS	*2/*41	PASS
HG04219	*2/*41	PASS	*2/*41	PASS
NA20502	*2/*41	PASS	*2/*41	PASS
HG00590	*1/*36+*10	PASS	*1/*36+*10	PASS
HG01253	*1/*2	PASS	*1/*2	PASS
HG03129	*1/*2x2	PASS	*1/*2x2	PASS
HG01398	*1/*2	PASS	*1/*2	PASS
HG03367	*29/*41	PASS	*29/*41	PASS
HG01817	*1/*41	PASS	*1/*41	PASS
HG01968	*1/*1	PASS	*1/*1	PASS
HG00589	*1/*21	PASS	*1/*21	PASS
NA20773	*2/*9	PASS	*2/*9	PASS
HG03117	*2/*2	PASS	*2/*2	PASS
HG00671	*10/*10	PASS	*10/*10	PASS
HG01802	*10/*36+*10	PASS	*10/*36+*10	PASS
HG01971	*1/*2	PASS	*1/*2	PASS
HG00592	*1/*10	PASS	*1/*10	PASS
HG01464	*2/*2	PASS	*2/*2	PASS
HG03873	*2/*86	PASS	*2/*86	PASS
NA18611	*10/*2	PASS	None	None
HG01200	*2/*68+*4	PASS	*2/*68+*4	PASS
NA18571	*36+*10/*36+*10	PASS	*36+*10/*36+*10	PASS
HG02780	*1/*7	PASS	*1/*7	PASS
HG03967	*1/*41	PASS	*1/*41	PASS
HG01497	*1/*68+*68+*4	PASS	*1/*68+*68+*4	PASS
HG00452	*1/*36+*10	PASS	*1/*36+*10	PASS
HG01305	*1/*2	PASS	*1/*2	PASS
HG01992	*1/*1	PASS	*1/*1	PASS
HG02541	*46/*5	PASS	*46/*5	PASS
HG03169	*1/*5	PASS	*1/*5	PASS
HG04216	*1/*10	PASS	*1/*10	PASS
HG00121	*4/*4	PASS	*4/*4	PASS
HG01991	*1/*1	PASS	*1/*1	PASS
HG03172	*17/*29	PASS	*17/*29	PASS
HG01405	*1/*9	PASS	*1/*9	PASS
HG03270	*17/*4	PASS	*17/*4	PASS
HG00584	*1/*36+*10	PASS	*1/*36+*10	PASS
HG01804	*10/*36+*10	PASS	*10/*36+*10	PASS
HG01488	*1/*41	PASS	*1/*41	PASS
HG01980	*1/*2	PASS	*1/*2	PASS
HG01250	*1/*1	PASS	*1/*1	PASS
HG04162	*1/*2	PASS	*1/*2	PASS
HG01077	*1/*2	PASS	*1/*2	PASS
HG00173	*1/*4	PASS	*1/*4	PASS
HG02008	*1/*1	PASS	*1/*1	PASS
HG04214	*1/*2	PASS	*1/*2	PASS
HG03130	*17/*29	PASS	*17/*29	PASS
HG00445	*36+*10/*36+*10	PASS	*36+*10/*36+*10	PASS
HG00683	*41/*36+*10	PASS	*41/*36+*10	PASS
HG03867	*1/*10	PASS	*1/*10	PASS
HG03600	*2/*4	PASS	*2/*4	PASS
HG03159	*1/*40	PASS	*1/*40	PASS
NA21100	*1/*1	PASS	*1/*1	PASS
HG04222	*2/*4	PASS	*2/*4	PASS
HG01308	*4/*68+*4	PASS	*4/*68+*4	PASS
HG04161	*1/*10	PASS	*1/*10	PASS
HG00126	*1/*2	PASS	*1/*2	PASS
HG02356	*10/*36+*10	PASS	*10/*36+*10	PASS
HG02760	*17/*17	PASS	*17/*17	PASS
HG02003	*1/*1	PASS	*1/*1	PASS
HG01810	*41/*36+*10	PASS	*41/*36+*10	PASS
HG04195	*1/*1	PASS	*1/*1	PASS
HG03163	*1/*2x2	PASS	*1/*2x2	PASS
HG01286	*2/*68+*4	PASS	*2/*68+*4	PASS
NA18593	*36+*10/*36+*10	PASS	*36+*10/*36+*10	PASS
NA12827	*2/*35	PASS	*2/*35	PASS
HG03920	*35/*86	PASS	*35/*86	PASS
HG02367	*1/*14	PASS	*1/*14	PASS
HG01808	*10/*36+*10	PASS	*10/*36+*10	PASS
HG00656	*1/*36+*36+*10	PASS	*1/*36+*36+*10	PASS
HG03870	*41/*41	PASS	*41/*41	PASS
NA18608	*1/*1	PASS	*1/*1	PASS
HG04194	*1/*2	PASS	*1/*2	PASS
HG00463	*36+*10/*36+*10	PASS	*36+*10/*36+*10	PASS
HG03168	*15/*2	PASS	*15/*2	PASS
HG04238	*1/*86	PASS	*1/*86	PASS
HG01161	*1/*13	PASS	*1/*13	PASS
HG02105	*1/*1	PASS	*1/*1	PASS
NA19147	*17/*29	PASS	*17/*29	PASS
HG02374	*36+*10/*36+*10	PASS	*36+*10/*36+*10	PASS
HG00464	*1/*36+*10	PASS	*1/*36+*10	PASS
HG01815	*36+*10/*36+*10	PASS	*36+*10/*36+*10	PASS
NA19159	*17/*2	PASS	*17/*2	PASS
HG04015	*1x2/*2	PASS	*1x2/*2	PASS
HG02351	*1/*36+*10	PASS	*1/*36+*10	PASS
NA18592	*2/*36+*10	PASS	*2/*36+*10	PASS
HG01242	*1/*5	PASS	*1/*5	PASS
HG00689	*1/*41	PASS	*1/*41	PASS
HG01811	*36+*10/*36+*10	PASS	*36+*10/*36+*10	PASS
HG00171	*1/*1	PASS	*1/*1	PASS
HG02050	*2/*36+*10	PASS	*2/*36+*10	PASS
NA18605	*10/*36+*10	PASS	*10/*36+*10	PASS
NA19152	*29/*43x2	PASS	*29/*43x2	PASS
HG01176	*4/*41	PASS	*4/*41	PASS
HG01812	*10/*36+*10	PASS	*10/*36+*10	PASS
HG01997	*1/*2	PASS	*1/*2	PASS
HG02982	*17/*4	PASS	*17/*4	PASS
HG01491	*1/*1	PASS	*1/*1	PASS
HG00662	*5/*36+*10	PASS	*5/*36+*10	PASS
HG03631	*4/*41	PASS	*4/*41	PASS
NA20770	*10/*2	PASS	*10/*2	PASS
HG04070	*1/*43	PASS	*1/*43	PASS
HG02383	*36+*10/*36+*10	PASS	*36+*10/*36+*10	PASS
NA21103	*1/*1	PASS	*1/*1	PASS
HG01363	*1/*2	PASS	*1/*2	PASS
HG03821	*2/*41	PASS	*2/*41	PASS
HG02385	*36+*10/*36+*36+*10	PASS	*36+*10/*36+*36+*10	PASS
HG00451	*1/*10	PASS	*1/*10	PASS
HG01809	*1/*1	PASS	*1/*1	PASS
HG02002	*1/*2	PASS	*1/*2	PASS
HG04173	*1/*1	PASS	*1/*1	PASS
HG00731	*4/*68+*4	PASS	*4/*68+*4	PASS
HG01500	*1/*2	PASS	*1/*2	PASS
HG04022	*1/*1	PASS	*1/*1	PASS
NA21107	*1/*1	PASS	*1/*1	PASS
HG01813	*2/*36+*36+*10	PASS	*2/*36+*36+*10	PASS
HG02379	*1/*36+*10	PASS	*1/*36+*10	PASS
HG04189	*1/*36+*10	PASS	*1/*36+*10	PASS
NA18612	*10/*36+*10	PASS	*10/*36+*10	PASS
NA20362	*2/*4x2	PASS	*2/*4x2	PASS
HG02389	*1/*10	PASS	*1/*10	PASS
HG01979	*2/*68+*4	PASS	*2/*68+*4	PASS
HG03782	*1/*1	PASS	*1/*1	PASS
HG04152	*2/*5	PASS	*2/*5	PASS
HG04235	*1/*2	PASS	*1/*2	PASS
HG00704	*1/*36+*10	PASS	*1/*36+*10	PASS
NA20771	*1/*68+*4	PASS	*1/*68+*4	PASS
HG02382	*10/*36+*10	PASS	*10/*36+*10	PASS
HG04176	*1/*1	PASS	*1/*1	PASS
HG00705	*1/*1	PASS	*1/*1	PASS
NA18572	*41/*36+*10	PASS	*41/*36+*10	PASS
HG04225	*1/*41	PASS	*1/*41	PASS
HG03960	*1/*41	PASS	*1/*41	PASS
HG02380	*1/*1	PASS	*1/*1	PASS
NA18599	None	None	None	None
HG00607	*1/*49	PASS	*1/*49	PASS
HG01121	*1/*1	PASS	*1/*1	PASS
HG01503	*4/*68+*4	PASS	*4/*68+*4	PASS
NA18870	*10/*4x2	PASS	*10/*4x2	PASS
HG03868	*2/*41	PASS	*2/*41	PASS
HG03629	*1/*1	PASS	*1/*1	PASS
HG03863	*4/*68+*4	PASS	*4/*68+*4	PASS
NA12889	*4/*41	PASS	*4/*41	PASS
HG03195	*1/*29	PASS	*1/*29	PASS
HG01362	*2/*4	PASS	*2/*4	PASS
HG00596	*49/*36+*10	PASS	*49/*36+*10	PASS
NA18609	*1/*36+*10	PASS	*1/*36+*10	PASS
HG03875	*1/*2	PASS	*1/*2	PASS
HG01504	*1/*2	PASS	*1/*2	PASS
HG00693	None	None	None	None
HG04185	*1/*1	PASS	*1/*1	PASS
HG03861	*2/*41	PASS	*2/*41	PASS
HG02089	*1/*1	PASS	*1/*1	PASS
HG02390	*36+*10/*36+*10	PASS	*36+*10/*36+*10	PASS
NA20762	*2/*41	PASS	*2/*41	PASS
HG03965	*4/*41	PASS	*4/*41	PASS
HG01280	*1/*68+*68+*4	PASS	*1/*68+*68+*4	PASS
HG04180	*1/*41	PASS	*1/*41	PASS
HG03198	*1/*17	PASS	*1/*17	PASS
NA18909	*1x2/*4x2	PASS	*1x2/*4x2	PASS
NA18606	*1/*10	PASS	*1/*10	PASS
HG02151	*10/*5	PASS	*10/*5	PASS
HG03872	*2/*2	PASS	*2/*2	PASS
HG03604	*4/*36+*10	PASS	*4/*36+*10	PASS
HG01510	*2/*4	PASS	*2/*4	PASS
HG01130	*1/*41	PASS	*1/*41	PASS
NA21109	*2/*2	PASS	*2/*2	PASS
HG02386	*1/*36+*10	PASS	*1/*36+*10	PASS
HG03922	*1/*1	PASS	*1/*1	PASS
HG00288	*1/*35	PASS	*1/*35	PASS
HG01248	*1/*35	PASS	*1/*35	PASS
HG00708	*36+*10/*36+*36+*10	PASS	*36+*10/*36+*36+*10	PASS
HG02970	*106/*45	PASS	*106/*45	PASS
HG02391	*10/*10	PASS	*10/*10	PASS
NA21101	*1/*41	PASS	*1/*41	PASS
HG04140	*1/*86	PASS	*1/*86	PASS
HG02152	*41/*36+*10	PASS	*41/*36+*10	PASS
HG01269	*1/*82	PASS	*1/*82	PASS
HG00448	*10/*36+*10	PASS	*10/*36+*10	PASS
HG01507	*1/*1	PASS	*1/*1	PASS
HG02016	*10/*36+*10	PASS	*10/*36+*10	PASS
NA19153	*1/*17	PASS	*1/*17	PASS
HG02154	*1/*10	PASS	*1/*10	PASS
HG01506	*2/*41	PASS	*2/*41	PASS
HG00717	*21/*36+*10	PASS	*21/*36+*10	PASS
HG02017	*1/*36+*10	PASS	*1/*36+*10	PASS
HG03022	*1/*1	PASS	*1/*1	PASS
HG03792	*10/*2	PASS	*10/*2	PASS
HG00232	None	None	None	None
HG01501	*4/*4	PASS	*4/*4	PASS
HG02155	*36+*10/*36+*36+*10	PASS	*36+*10/*36+*36+*10	PASS
HG00707	*10/*5	PASS	*10/*5	PASS
HG02090	*1/*2	PASS	*1/*2	PASS
HG04134	*1/*1	PASS	*1/*1	PASS
HG02384	None	None	None	None
HG02165	*1/*1x2	PASS	*1/*1x2	PASS
HG01284	*1/*1	PASS	*1/*1	PASS
HG03720	*2/*5	PASS	*2/*5	PASS
NA18853	*1/*5	PASS	*1/*5	PASS
HG01509	*1/*4	PASS	*1/*4	PASS
NA12829	*1/*68+*4	PASS	*1/*68+*4	PASS
HG03995	*2/*41	PASS	*2/*41	PASS
HG02178	*1/*36+*36+*10	PASS	*1/*36+*36+*10	PASS
HG01131	*2/*4	PASS	*2/*4	PASS
HG03199	*1/*2	PASS	*1/*2	PASS
HG02010	*17/*35	PASS	*17/*35	PASS
HG04144	*1/*2	PASS	*1/*2	PASS
NA21105	*111/*3	PASS	*111/*3	PASS
HG04020	*1/*4	PASS	*1/*4	PASS
HG00304	*33/*4	PASS	*33/*4	PASS
HG01512	*32/*41	PASS	*32/*41	PASS
HG01281	*4/*5	PASS	*4/*5	PASS
HG02301	*1/*1x2	PASS	*1/*1x2	PASS
HG04177	*1/*7	PASS	*1/*7	PASS
HG02104	*2/*2	PASS	*2/*2	PASS
HG02395	*10/*36+*10	PASS	*10/*36+*10	PASS
HG02153	*36+*10/*36+*10	PASS	*36+*10/*36+*10	PASS
HG03663	*1/*1	PASS	*1/*1	PASS
HG02009	*2/*35	PASS	*2/*35	PASS
HG01142	*1/*3	PASS	*1/*3	PASS
NA21104	*1/*2	PASS	*1/*2	PASS
HG04063	*1/*2	PASS	*1/*2	PASS
HG03234	*1/*41	PASS	*1/*41	PASS
HG01765	*35/*9	PASS	*35/*9	PASS
HG04182	*2/*41	PASS	*2/*41	PASS
HG02014	*17/*17	PASS	*17/*17	PASS
HG00698	*1/*10	PASS	*1/*10	PASS
NA21108	*1/*4	PASS	*1/*4	PASS
HG02375	*41/*36+*10	PASS	*41/*36+*10	PASS
HG04158	*1/*41	PASS	*1/*41	PASS
HG02179	*1/*36+*10	PASS	*1/*36+*10	PASS
HG02220	*1/*2	PASS	*1/*2	PASS
HG02568	*1/*2	PASS	*1/*2	PASS
HG03342	*17x2/*2	PASS	*17x2/*2	PASS
NA18856	*2x2/*29	PASS	*2x2/*29	PASS
HG00701	*1/*10	PASS	*1/*10	PASS
HG04171	*41/*41	PASS	*41/*41	PASS
HG01791	*1/*22	PASS	*1/*22	PASS
HG03401	*17/*29	PASS	*17/*29	PASS
HG03196	*17/*45	PASS	*17/*45	PASS
NA18858	*1/*17	PASS	*1/*17	PASS
HG02983	*1/*2	PASS	*1/*2	PASS
HG04131	*1/*1	PASS	*1/*1	PASS
HG01122	*2/*41	PASS	*2/*41	PASS
HG01766	*1/*41	PASS	*1/*41	PASS
HG03370	*1/*2	PASS	*1/*2	PASS
HG01783	*41/*5	PASS	*41/*5	PASS
HG04188	*1/*4	PASS	*1/*4	PASS
NA21102	*1/*1	PASS	*1/*1	PASS
HG02392	*1/*10	PASS	*1/*10	PASS
HG00692	*36+*10/*36+*10	PASS	*36+*10/*36+*10	PASS
HG02166	*1/*2	PASS	*1/*2	PASS
HG02141	*14/*36+*10	PASS	*14/*36+*10	PASS
HG02026	*10/*36+*10	PASS	*10/*36+*10	PASS
HG03660	*10/*2	PASS	*10/*2	PASS
HG03369	*17/*2	PASS	*17/*2	PASS
HG00699	*10/*10x2	PASS	*10/*10x2	PASS
HG02184	*36+*10/*36+*10	PASS	*36+*10/*36+*10	PASS
HG02286	*1/*45	PASS	*1/*45	PASS
HG04019	*2/*86	PASS	*2/*86	PASS
HG04153	*1/*86	PASS	*1/*86	PASS
HG01432	*2/*4	PASS	*2/*4	PASS
NA18871	*10/*17	PASS	*10/*17	PASS
HG03343	*1/*1	PASS	*1/*1	PASS
HG02188	*36+*10/*36+*36+*10	PASS	*36+*10/*36+*36+*10	PASS
HG02235	*1/*2	PASS	*1/*2	PASS
HG02398	*36+*10/*36+*10	PASS	*36+*10/*36+*10	PASS
HG02953	*1/*4x2	PASS	*1/*4x2	PASS
HG01961	*1/*2	PASS	*1/*2	PASS
HG02023	*2/*36+*10	PASS	*2/*36+*10	PASS
HG04141	*1/*41	PASS	*1/*41	PASS
HG02156	*41/*41	PASS	*41/*41	PASS
HG02285	*1/*1	PASS	*1/*1	PASS
HG01522	*35/*68+*4	PASS	*35/*68+*4	PASS
HG01965	*1/*17	PASS	*1/*17	PASS
HG02019	*10/*36+*10	PASS	*10/*36+*10	PASS
HG03917	*1/*43	PASS	*1/*43	PASS
HG01790	*1/*1	PASS	*1/*1	PASS
HG02221	*2x2/*9	PASS	*2x2/*9	PASS
HG01513	*1/*35	PASS	*1/*35	PASS
HG03977	*4/*41	PASS	*4/*41	PASS
HG02020	*1/*36+*10	PASS	*1/*36+*10	PASS
HG01474	*2/*4	PASS	*2/*4	PASS
HG01789	*1/*4	PASS	*1/*4	PASS
HG03603	*1/*4	PASS	*1/*4	PASS
HG02401	*10/*10	PASS	*10/*10	PASS
HG01886	*1/*1	PASS	*1/*1	PASS
NA21111	*1/*41	PASS	*1/*41	PASS
HG00282	*4/*68+*4	PASS	*4/*68+*4	PASS
HG01879	*1/*1	PASS	*1/*1	PASS
HG04164	*2/*41	PASS	*2/*41	PASS
HG02187	None	None	None	None
HG03380	*2/*5	PASS	*2/*5	PASS
HG03968	*2/*41	PASS	*2/*41	PASS
HG02406	*71/*36+*10	PASS	*71/*36+*10	PASS
NA18907	*1/*4x2	PASS	*1/*4x2	PASS
HG00281	*1/*1	PASS	*1/*1	PASS
HG00637	*1/*1	PASS	*1/*1	PASS
HG02190	*36+*10/*36+*10	PASS	*36+*10/*36+*10	PASS
HG01784	*1/*68+*4	PASS	*1/*68+*4	PASS
HG03634	*1x2/*41	PASS	*1x2/*41	PASS
NA18912	*17/*2	PASS	*17/*2	PASS
HG01459	*1/*1	PASS	*1/*1	PASS
HG04183	*10/*68+*4	PASS	*10/*68+*4	PASS
HG02180	*1/*10	PASS	*1/*10	PASS
HG04014	*2/*4	PASS	*2/*4	PASS
HG03953	*10/*86	PASS	*10/*86	PASS
HG01521	*35/*13	PASS	*35/*13	PASS
NA19225	*17/*17	PASS	*17/*17	PASS
NA21113	*1/*68+*4	PASS	*1/*68+*4	PASS
HG00154	*1/*1	PASS	*1/*1	PASS
HG02186	*10/*36+*10	PASS	*10/*36+*10	PASS
HG02233	*1/*2	PASS	*1/*2	PASS
HG03419	*1/*2	PASS	*1/*2	PASS
NA19210	*10/*17	PASS	*10/*17	PASS
HG03780	*1/*112	PASS	*1/*112	PASS
NA18942	*2/*2	PASS	*2/*2	PASS
HG01486	*1/*1	PASS	*1/*1	PASS
HG01518	*1/*1	PASS	*1/*1	PASS
HG02185	*1/*1	PASS	*1/*1	PASS
HG01889	*17/*29	PASS	*17/*29	PASS
HG00634	*1/*41	PASS	*1/*41	PASS
HG01519	*1/*41	PASS	*1/*41	PASS
HG01556	*1/*2	PASS	*1/*2	PASS
NA18940	*1/*10	PASS	*1/*10	PASS
HG02181	*10/*2	PASS	*10/*2	PASS
NA19200	*1/*5	PASS	*1/*5	PASS
HG03895	*1/*2	PASS	*1/*2	PASS
HG02399	*1/*10	PASS	*1/*10	PASS
HG02879	*1/*2	PASS	*1/*2	PASS
NA19172	*1/*2	PASS	*1/*2	PASS
HG01444	*1/*35	PASS	*1/*35	PASS
NA21112	*2/*41	PASS	*2/*41	PASS
HG02182	*1/*36+*10	PASS	*1/*36+*10	PASS
HG03856	*1/*41	PASS	*1/*41	PASS
HG02402	*36+*10/*36+*10	PASS	*36+*10/*36+*10	PASS
NA19209	*17/*5	PASS	*17/*5	PASS
HG00284	*1/*108	PASS	*1/*108	PASS
NA18916	*1/*29	PASS	*1/*29	PASS
HG01515	*2/*68+*4	PASS	*2/*68+*4	PASS
HG01890	*1/*5	PASS	*1/*5	PASS
HG02164	*1/*36+*36+*36+*10	PASS	*1/*36+*36+*36+*10	PASS
HG00610	*10/*36+*10	PASS	*10/*36+*10	PASS
HG01479	*10/*4	PASS	*10/*4	PASS
HG02407	*1/*14	PASS	*1/*14	PASS
HG02870	*1/*29	PASS	*1/*29	PASS
HG03848	*2/*68+*4	PASS	*2/*68+*4	PASS
NA19171	*2x2/*41	PASS	*2x2/*41	PASS
HG00290	*13+*2/*1	PASS	*13+*2/*1	PASS
HG03490	*4/*41	PASS	*4/*41	PASS
NA18638	*36+*10/*36+*10	PASS	*36+*10/*36+*10	PASS
HG00274	*1/*2	PASS	*1/*2	PASS
NA19201	*1/*17	PASS	*1/*17	PASS
HG02236	*2/*5	PASS	*2/*5	PASS
HG02409	*1/*10	PASS	*1/*10	PASS
HG02881	*1/*1	PASS	*1/*1	PASS
HG01485	*39/*41	PASS	*39/*41	PASS
HG00628	*2/*41	PASS	*2/*41	PASS
HG03385	*17/*2	PASS	*17/*2	PASS
HG02232	*1/*1	PASS	*1/*1	PASS
NA21106	*1/*2	PASS	*1/*2	PASS
HG00629	*10/*36+*10	PASS	*10/*36+*10	PASS
HG00310	*1/*68+*4	PASS	*1/*68+*4	PASS
HG03491	*2/*41	PASS	*2/*41	PASS
HG03446	*17/*17	PASS	*17/*17	PASS
HG04025	*1/*5	PASS	*1/*5	PASS
NA21115	*1/*2	PASS	*1/*2	PASS
NA19238	*1/*17	PASS	*1/*17	PASS
HG01516	*1/*35	PASS	*1/*35	PASS
HG01468	*1/*1	PASS	*1/*1	PASS
HG03753	*1/*10	PASS	*1/*10	PASS
NA18951	*1/*36+*10	PASS	*1/*36+*10	PASS
HG00611	*5/*36+*10	PASS	*5/*36+*10	PASS
HG03619	*113/*2	PASS	*113/*2	PASS
HG00285	*1/*4	PASS	*1/*4	PASS
HG03442	*2x2/*29	PASS	*2x2/*29	PASS
HG03718	*1/*1	PASS	*1/*1	PASS
NA19160	*17/*29	PASS	*17/*29	PASS
HG03488	*1/*1	PASS	*1/*1	PASS
NA21123	*1/*2	PASS	*1/*2	PASS
HG00280	*2/*41	PASS	*2/*41	PASS
HG03428	*1/*5	PASS	*1/*5	PASS
HG00614	*10/*5	PASS	*10/*5	PASS
HG03235	*1/*2	PASS	*1/*2	PASS
HG02028	*1/*36+*10	PASS	*1/*36+*10	PASS
HG02759	*1/*45	PASS	*1/*45	PASS
HG00613	*2/*2	PASS	*2/*2	PASS
HG03703	*1/*99	PASS	*1/*99	PASS
HG00278	*1/*2	PASS	*1/*2	PASS
HG03836	*1/*1	PASS	*1/*1	PASS
NA21118	*2/*68+*4	PASS	*2/*68+*4	PASS
HG00626	*1/*10	PASS	*1/*10	PASS
HG01531	*1/*2	PASS	*1/*2	PASS
HG00250	*6/*68+*4	PASS	*6/*68+*4	PASS
HG03846	*1/*1	PASS	*1/*1	PASS
NA18949	*1/*36+*10	PASS	*1/*36+*10	PASS
NA19204	*1/*1	PASS	*1/*1	PASS
HG02882	*1/*2	PASS	*1/*2	PASS
HG01537	*2/*3	PASS	*2/*3	PASS
HG01443	*1/*1	PASS	*1/*1	PASS
HG03461	*17/*5	PASS	*17/*5	PASS
NA18947	*1/*36+*10	PASS	*1/*36+*10	PASS
HG00625	*36+*10/*36+*10	PASS	*36+*10/*36+*10	PASS
HG03709	None	None	None	None
HG01372	*1/*1	PASS	*1/*1	PASS
HG04118	*1/*4	PASS	*1/*4	PASS
NA19206	*1/*1	PASS	*1/*1	PASS
HG02108	*4x2/*45	PASS	*4x2/*45	PASS
HG02113	*36+*10/*36+*10	PASS	*36+*10/*36+*10	PASS
NA21117	*1/*41	PASS	*1/*41	PASS
HG01524	*108/*2	PASS	*108/*2	PASS
HG00275	*2/*2	PASS	*2/*2	PASS
HG00608	*36+*10/*36+*10	PASS	*36+*10/*36+*10	PASS
HG03760	*1/*1	PASS	*1/*1	PASS
NA18943	*1/*1	PASS	*1/*1	PASS
HG02111	*1/*4x2	PASS	*1/*4x2	PASS
NA19207	*10/*2x2	PASS	*10/*2x2	PASS
HG00734	*1/*4	PASS	*1/*4	PASS
HG03963	*2/*2	PASS	*2/*2	PASS
HG02029	None	None	None	None
HG03460	*10/*29	PASS	*10/*29	PASS
HG01536	*1/*4.013+*4	PASS	*1/*4.013+*4	PASS
HG01435	*1/*2	PASS	*1/*2	PASS
NA18948	*36+*10/*36+*10	PASS	*36+*10/*36+*10	PASS
HG03837	*10/*10	PASS	*10/*10	PASS
HG03668	*1/*39	PASS	*1/*39	PASS
HG03611	*1/*1x2	PASS	*1/*1x2	PASS
HG01985	*1/*5	PASS	*1/*5	PASS
HG01431	*1/*10	PASS	*1/*10	PASS
NA21119	*1/*2	PASS	*1/*2	PASS
HG03779	*1/*10	PASS	*1/*10	PASS
HG04035	*2/*41	PASS	*2/*41	PASS
HG00620	*5/*36+*10	PASS	*5/*36+*10	PASS
HG01896	*29/*5	PASS	*29/*5	PASS
HG02069	*2x2/*36+*10	PASS	*2x2/*36+*10	PASS
HG00246	*2/*68+*4	PASS	*2/*68+*4	PASS
HG03061	*10/*17	PASS	*10/*17	PASS
HG00619	*49/*36+*10	PASS	*49/*36+*10	PASS
HG02332	*1/*1	PASS	*1/*1	PASS
NA21116	*1/*86	PASS	*1/*86	PASS
HG01447	*41/*5	PASS	*41/*5	PASS
HG04042	*10/*41	PASS	*10/*41	PASS
HG03066	*1/*5	PASS	*1/*5	PASS
NA19190	*1x3/*10	PASS	*1x3/*10	PASS
HG01528	*1/*1	PASS	*1/*1	PASS
NA18944	*36+*10/*36+*10	PASS	*36+*10/*36+*10	PASS
HG00277	*1/*68+*4	PASS	*1/*68+*4	PASS
NA11930	*1/*1	PASS	*1/*1	PASS
HG01880	*29x2/*43	PASS	*29x2/*43	PASS
HG03388	*17/*29	PASS	*17/*29	PASS
HG04093	*1/*2	PASS	*1/*2	PASS
HG01989	*1/*10	PASS	*1/*10	PASS
NA06989	*9/*9	PASS	*9/*9	PASS
HG02057	*1/*36+*10	PASS	*1/*36+*10	PASS
HG00276	*4/*5	PASS	*4/*5	PASS
HG03890	*39/*4	PASS	*39/*4	PASS
HG02081	*10/*36+*10	PASS	*10/*36+*10	PASS
HG01988	*1/*1	PASS	*1/*1	PASS
HG02070	*10/*36+*10	PASS	*10/*36+*10	PASS
HG01369	*1/*1	PASS	*1/*1	PASS
NA11843	*1/*41	PASS	*1/*41	PASS
HG02051	*17/*2x2	PASS	*17/*2x2	PASS
HG04099	*1/*41	PASS	*1/*41	PASS
HG03433	*1/*29	PASS	*1/*29	PASS
NA21122	*1/*1	PASS	*1/*1	PASS
HG00641	*2/*3	PASS	*2/*3	PASS
HG03016	*1/*1	PASS	*1/*1	PASS
HG00251	*1/*9	PASS	*1/*9	PASS
HG01956	*1/*1	PASS	*1/*1	PASS
HG02058	*36+*10/*36+*10	PASS	*36+*10/*36+*10	PASS
NA07056	*2/*4	PASS	*2/*4	PASS
HG03616	*1/*10	PASS	*1/*10	PASS
HG02102	*1/*1	PASS	*1/*1	PASS
HG03851	*1/*2	PASS	*1/*2	PASS
HG03790	*1/*4	PASS	*1/*4	PASS
NA18614	*1/*2	PASS	*1/*2	PASS
NA18945	*1/*5	PASS	*1/*5	PASS
HG02013	*1/*45	PASS	*1/*45	PASS
HG02265	*1/*1	PASS	*1/*1	PASS
HG02133	*1/*36+*10	PASS	*1/*36+*10	PASS
HG02052	*17/*2x2	PASS	*17/*2x2	PASS
HG04033	*1/*2	PASS	*1/*2	PASS
HG02025	*10/*36+*10	PASS	*10/*36+*10	PASS
HG03785	*1/*113	PASS	*1/*113	PASS
HG01595	*10/*36+*10	PASS	*10/*36+*10	PASS
HG02150	*1/*2	PASS	*1/*2	PASS
HG01527	*1/*1	PASS	*1/*1	PASS
HG03439	*1/*5	PASS	*1/*5	PASS
NA21120	*1/*4	PASS	*1/*4	PASS
HG02134	*1/*36+*10	PASS	*1/*36+*10	PASS
HG02283	*1/*17	PASS	*1/*17	PASS
HG00330	*1/*1x2	PASS	*1/*1x2	PASS
HG02082	*10/*2	PASS	*10/*2	PASS
HG03445	*17/*17	PASS	*17/*17	PASS
HG02085	*1/*36+*10	PASS	*1/*36+*10	PASS
HG02952	*4/*4	PASS	*4/*4	PASS
HG02095	*1/*1	PASS	*1/*1	PASS
HG00325	*1/*35	PASS	*1/*35	PASS
HG02079	*1/*14	PASS	*1/*14	PASS
NA12058	*2/*41	PASS	*2/*41	PASS
HG03479	*17/*17	PASS	*17/*17	PASS
HG01603	*1/*43	PASS	*1/*43	PASS
HG02266	*2/*2	PASS	*2/*2	PASS
HG00640	*1/*1	PASS	*1/*1	PASS
HG02075	*1/*36+*10	PASS	*1/*36+*10	PASS
HG03742	*4/*4	PASS	*4/*4	PASS
HG01525	*1/*2x3	PASS	*1/*2x3	PASS
NA18613	*10/*49	PASS	*10/*49	PASS
NA11893	*1/*2	PASS	*1/*2	PASS
HG00331	*2/*2	PASS	*2/*2	PASS
NA18956	*1/*36+*10	PASS	*1/*36+*10	PASS
HG01530	*10/*2	PASS	*10/*2	PASS
NA18621	*1/*36+*10	PASS	*1/*36+*10	PASS
NA12272	*1/*1	PASS	*1/*1	PASS
HG02144	*29/*5	PASS	*29/*5	PASS
HG00324	*6/*9	PASS	*6/*9	PASS
HG04018	*1/*10	PASS	*1/*10	PASS
HG02078	*10/*2	PASS	*10/*2	PASS
HG01597	*10/*36+*10	PASS	*10/*36+*10	PASS
NA18617	*36+*10/*36+*10	PASS	*36+*10/*36+*10	PASS
HG02308	*17/*29	PASS	*17/*29	PASS
HG00334	*2/*41	PASS	*2/*41	PASS
HG02076	*1/*36+*10	PASS	*1/*36+*10	PASS
NA12273	*1/*1	PASS	*1/*1	PASS
HG03702	*1/*1	PASS	*1/*1	PASS
HG03777	*2/*2	PASS	*2/*2	PASS
NA18624	*2/*36+*10	PASS	*2/*36+*10	PASS
HG01051	*1/*2	PASS	*1/*2	PASS
NA21137	*111/*4	PASS	*111/*4	PASS
NA06984	*4/*68+*4	PASS	*4/*68+*4	PASS
HG01602	*1/*2	PASS	*1/*2	PASS
HG03947	*1/*1	PASS	*1/*1	PASS
HG02348	*1/*68+*4	PASS	*1/*68+*4	PASS
HG00638	*1/*1	PASS	*1/*1	PASS
HG02130	*1/*10	PASS	*1/*10	PASS
HG03015	*1/*2	PASS	*1/*2	PASS
HG02763	*17/*46	PASS	*17/*46	PASS
HG00651	*5/*36+*10	PASS	*5/*36+*10	PASS
HG03949	*1/*41	PASS	*1/*41	PASS
HG02006	*2/*5	PASS	*2/*5	PASS
HG02073	*2/*36+*10	PASS	*2/*36+*10	PASS
HG03007	*10/*2	PASS	*10/*2	PASS
HG01841	*36+*10/*36+*10	PASS	*36+*10/*36+*10	PASS
HG02275	*1/*1	PASS	*1/*1	PASS
HG04029	*2/*68+*4	PASS	*2/*68+*4	PASS
HG03667	*1/*41	PASS	*1/*41	PASS
HG02072	*5/*36+*10	PASS	*5/*36+*10	PASS
HG02971	*1/*5	PASS	*1/*5	PASS
HG01596	*10/*36+*10	PASS	*10/*36+*10	PASS
HG02274	*2/*2	PASS	*2/*2	PASS
HG03708	*2/*41	PASS	*2/*41	PASS
NA18615	*10/*36+*10	PASS	*10/*36+*10	PASS
HG02136	*41/*36+*10	PASS	*41/*36+*10	PASS
NA19257	*1/*106	PASS	*1/*106	PASS
HG01550	*4/*68+*4	PASS	*4/*68+*4	PASS
HG02253	*4/*59	PASS	*4/*59	PASS
NA18623	*2/*36+*10	PASS	*2/*36+*10	PASS
NA21125	*1/*2	PASS	*1/*2	PASS
NA19239	*15/*17	PASS	*15/*17	PASS
HG02878	*10/*5	PASS	*10/*5	PASS
HG02307	*1x2/*17	PASS	*1x2/*17	PASS
HG02304	*1/*4	PASS	*1/*4	PASS
HG00650	*10/*10	PASS	*10/*10	PASS
NA18618	*2/*36+*10	PASS	*2/*36+*10	PASS
NA18964	*1/*36+*10	PASS	*1/*36+*10	PASS
HG01551	None	None	None	None
NA11892	*41/*6	PASS	*41/*6	PASS
HG00332	*1/*1	PASS	*1/*1	PASS
HG02137	*36+*10/*36+*10	PASS	*36+*10/*36+*10	PASS
NA18619	*1/*36+*36+*10	PASS	*1/*36+*36+*10	PASS
HG01605	*1/*68+*4	PASS	*1/*68+*4	PASS
HG00653	*1/*10	PASS	*1/*10	PASS
HG03615	*1/*1	PASS	*1/*1	PASS
HG02312	*2_*34_*83	Not_assigned_to_haplotypes	*2_*34_*83	Not_assigned_to_haplotypes
HG03054	*10/*17	PASS	*10/*17	PASS
HG02131	*1/*36+*10	PASS	*1/*36+*10	PASS
NA18620	*1/*1	PASS	*1/*1	PASS
NA12275	*2x2/*68+*4	PASS	*2x2/*68+*4	PASS
HG02107	*1/*2	PASS	*1/*2	PASS
HG02252	*1/*2	PASS	*1/*2	PASS
NA18961	*1/*36+*10	PASS	*1/*36+*10	PASS
NA18616	*2/*36+*10	PASS	*2/*36+*10	PASS
HG01598	*2/*36+*10	PASS	*2/*36+*10	PASS
HG03060	*10/*2	PASS	*10/*2	PASS
HG03006	*86/*36+*10	PASS	*86/*36+*10	PASS
NA21130	*2/*41	PASS	*2/*41	PASS
HG03607	*1/*4	PASS	*1/*4	PASS
NA18622	*10/*41	PASS	*10/*41	PASS
HG02684	*1/*41	PASS	*1/*41	PASS
HG01613	*1/*31	PASS	*1/*31	PASS
HG01599	*71/*36+*10	PASS	*71/*36+*10	PASS
NA18953	*1/*10	PASS	*1/*10	PASS
HG00341	*1/*1	PASS	*1/*1	PASS
NA18627	*10/*41	PASS	*10/*41	PASS
HG03063	*2/*29	PASS	*2/*29	PASS
HG02322	*1/*4	PASS	*1/*4	PASS
HG01843	*1/*10	PASS	*1/*10	PASS
NA18960	*36+*10/*36+*10	PASS	*36+*10/*36+*10	PASS
NA18628	*1/*10	PASS	*1/*10	PASS
HG02345	*1/*1	PASS	*1/*1	PASS
HG03796	*1x2/*10	PASS	*1x2/*10	PASS
HG01600	None	None	None	None
HG03803	*13/*1	PASS	*13/*1	PASS
NA18632	*52/*36+*36+*10	PASS	*52/*36+*36+*10	PASS
HG02425	*2x2/*4	PASS	*2x2/*4	PASS
NA18967	*1/*36+*10	PASS	*1/*36+*10	PASS
HG03074	*17/*5	PASS	*17/*5	PASS
HG01842	*10/*14	PASS	*10/*14	PASS
HG01606	*32/*41	PASS	*32/*41	PASS
NA18634	*1/*36+*10	PASS	*1/*36+*10	PASS
NA18952	*2/*2	PASS	*2/*2	PASS
HG00329	*1/*2	PASS	*1/*2	PASS
HG01840	*10/*36+*10	PASS	*10/*36+*10	PASS
HG03793	*41/*36+*10	PASS	*41/*36+*10	PASS
HG03064	*106/*2	PASS	*106/*2	PASS
NA12282	*68+*4/*68+*4	PASS	*68+*4/*68+*4	PASS
NA18639	*36+*10/*36+*10	PASS	*36+*10/*36+*10	PASS
HG02309	*1/*39	PASS	*1/*39	PASS
HG01052	*2/*9	PASS	*2/*9	PASS
NA21128	*1/*4	PASS	*1/*4	PASS
NA12286	*1/*1	PASS	*1/*1	PASS
HG01607	*1/*4	PASS	*1/*4	PASS
NA18641	*1/*36+*10	PASS	*1/*36+*10	PASS
HG01104	*10/*4	PASS	*10/*4	PASS
NA18965	*1/*36+*10	PASS	*1/*36+*10	PASS
HG03073	*1/*29	PASS	*1/*29	PASS
NA12341	*1/*2	PASS	*1/*2	PASS
HG02143	*17/*84	PASS	*17/*84	PASS
NA18640	*1/*1	PASS	*1/*1	PASS
HG02408	*1/*41	PASS	*1/*41	PASS
NA21143	*41/*86	PASS	*41/*86	PASS
NA12283	*1/*41	PASS	*1/*41	PASS
HG02343	*1/*121	PASS	*1/*121	PASS
NA18625	*36+*10/*36+*10	PASS	*36+*10/*36+*10	PASS
NA11918	*1/*4	PASS	*1/*4	PASS
HG02262	*1/*1	PASS	*1/*1	PASS
NA12413	*3/*4.013+*4	PASS	*3/*4.013+*4	PASS
HG03814	*10/*2	PASS	*10/*2	PASS
NA21135	*2/*68+*4	PASS	*2/*68+*4	PASS
NA18637	*2/*4	PASS	*2/*4	PASS
HG02330	*2/*45	PASS	*2/*45	PASS
NA12340	*4/*41	PASS	*4/*41	PASS
HG02410	*5/*36+*10	PASS	*5/*36+*10	PASS
NA06994	*1/*1	PASS	*1/*1	PASS
NA21127	*1/*2	PASS	*1/*2	PASS
HG02284	*1/*5	PASS	*1/*5	PASS
HG01844	*2/*36+*10	PASS	*2/*36+*10	PASS
NA18645	*1/*2	PASS	*1/*2	PASS
HG00383	*117/*68+*4	PASS	*117/*68+*4	PASS
HG03800	*1/*2	PASS	*1/*2	PASS
HG01846	*41/*36+*10	PASS	*41/*36+*10	PASS
NA21142	*113/*41	PASS	*113/*41	PASS
NA11832	*1/*68+*4	PASS	*1/*68+*4	PASS
NA18642	*1+*90/*36+*10	PASS	*1+*90/*36+*10	PASS
HG01060	*1/*41	PASS	*1/*41	PASS
HG02339	*17/*41	PASS	*17/*41	PASS
NA12383	*1/*1	PASS	*1/*1	PASS
NA21133	*2/*41	PASS	*2/*41	PASS
HG01608	*41/*9	PASS	*41/*9	PASS
NA18636	*71/*36+*10	PASS	*71/*36+*10	PASS
HG03238	*2/*5	PASS	*2/*5	PASS
NA12348	*35/*41	PASS	*35/*41	PASS
NA11995	*35/*41	PASS	*35/*41	PASS
HG01610	*1/*1	PASS	*1/*1	PASS
HG02661	*1/*41	PASS	*1/*41	PASS
NA18647	*1/*10	PASS	*1/*10	PASS
HG01061	*1/*4	PASS	*1/*4	PASS
NA18959	*2/*36+*10	PASS	*2/*36+*10	PASS
HG02427	*1/*2	PASS	*1/*2	PASS
HG01845	*10/*14	PASS	*10/*14	PASS
NA18981	*1/*36+*10	PASS	*1/*36+*10	PASS
NA07357	*1/*6	PASS	*1/*6	PASS
HG03237	*1/*2	PASS	*1/*2	PASS
NA18635	*2/*36+*10	PASS	*2/*36+*10	PASS
HG02325	*1/*4x2	PASS	*1/*4x2	PASS
HG01847	*1/*36+*36+*10	PASS	*1/*36+*36+*10	PASS
HG02574	*17/*5	PASS	*17/*5	PASS
HG02420	*1/*4	PASS	*1/*4	PASS
HG01102	*1/*41	PASS	*1/*41	PASS
NA18643	*2/*36+*10	PASS	*2/*36+*10	PASS
HG01849	*1/*36+*10	PASS	*1/*36+*10	PASS
NA12005	*1/*1	PASS	*1/*1	PASS
HG01617	*2/*68+*4	PASS	*2/*68+*4	PASS
NA19005	*1/*1	PASS	*1/*1	PASS
HG01848	*10/*10	PASS	*10/*10	PASS
NA18745	*1/*10	PASS	*1/*10	PASS
HG00326	*2/*4	PASS	*2/*4	PASS
HG02334	*1/*5	PASS	*1/*5	PASS
NA19752	*1/*1x2	PASS	*1/*1x2	PASS
NA12347	*1/*41	PASS	*1/*41	PASS
NA06986	*1/*10	PASS	*1/*10	PASS
NA18747	*1/*36+*10	PASS	*1/*36+*10	PASS
HG03824	*10/*2	PASS	*10/*2	PASS
HG03805	*1/*36+*10	PASS	*1/*36+*10	PASS
NA19792	*1/*45	PASS	*1/*45	PASS
HG01850	*36+*10/*36+*10	PASS	*36+*10/*36+*10	PASS
NA18917	*106/*17	PASS	*106/*17	PASS
HG02337	*17/*29	PASS	*17/*29	PASS
NA20339	*17/*43	PASS	*17/*43	PASS
NA12399	*1/*1	PASS	*1/*1	PASS
HG00551	*1/*1x2	PASS	*1/*1x2	PASS
HG03802	*1/*10	PASS	*1/*10	PASS
NA10847	*1/*41	PASS	*1/*41	PASS
NA18924	*2/*4x2	PASS	*2/*4x2	PASS
NA12342	*4/*41	PASS	*4/*41	PASS
NA18980	*2/*36+*10	PASS	*2/*36+*10	PASS
HG01612	*35/*4	PASS	*35/*4	PASS
HG01105	*1/*35	PASS	*1/*35	PASS
NA18633	*36+*10/*36+*10	PASS	*36+*10/*36+*10	PASS
NA12400	*1/*68+*4	PASS	*1/*68+*4	PASS
HG03823	*10/*4	PASS	*10/*4	PASS
HG02522	*1/*5	PASS	*1/*5	PASS
NA11992	*4/*4.013+*4	PASS	*4/*4.013+*4	PASS
HG03589	*1/*4	PASS	*1/*4	PASS
NA18933	*29/*5	PASS	*29/*5	PASS
HG02685	*1/*1	PASS	*1/*1	PASS
HG02323	*1/*1	PASS	*1/*1	PASS
NA20412	*1/*2	PASS	*1/*2	PASS
NA20515	*1/*4	PASS	*1/*4	PASS
HG01852	*1/*36+*10	PASS	*1/*36+*10	PASS
NA11931	*41/*5	PASS	*41/*5	PASS
HG02419	*1/*41	PASS	*1/*41	PASS
NA18910	*2/*5	PASS	*2/*5	PASS
NA19922	*17/*2	PASS	*17/*2	PASS
NA20505	*2/*2	PASS	*2/*2	PASS
HG03815	*1/*36+*10	PASS	*1/*36+*10	PASS
NA18934	*1/*2	PASS	*1/*2	PASS
HG04146	*1/*41	PASS	*1/*41	PASS
NA20517	*1/*41	PASS	*1/*41	PASS
NA11881	*2/*3	PASS	*2/*3	PASS
NA18975	*1/*5	PASS	*1/*5	PASS
HG01615	*1/*4	PASS	*1/*4	PASS
HG02084	*1/*36+*36+*10	PASS	*1/*36+*36+*10	PASS
NA18631	*5/*36+*10	PASS	*5/*36+*10	PASS
NA20518	*1/*6	PASS	*1/*6	PASS
HG03830	*1/*36+*10	PASS	*1/*36+*10	PASS
NA19093	*17/*5	PASS	*17/*5	PASS
HG03812	*1/*4	PASS	*1/*4	PASS
NA18939	*21/*36+*10	PASS	*21/*36+*10	PASS
HG02716	*1/*2x2	PASS	*1/*2x2	PASS
NA11831	*1/*1	PASS	*1/*1	PASS
HG01618	*1/*35	PASS	*1/*35	PASS
HG02582	*1/*29	PASS	*1/*29	PASS
NA20519	*10/*41	PASS	*10/*41	PASS
HG03826	*1/*2	PASS	*1/*2	PASS
NA18630	None	None	None	None
HG01069	*4/*5	PASS	*4/*5	PASS
NA20522	*1/*1	PASS	*1/*1	PASS
HG02570	*1/*1	PASS	*1/*1	PASS
NA11894	*4/*41	PASS	*4/*41	PASS
HG01620	*2/*68+*4	PASS	*2/*68+*4	PASS
NA18740	*10/*36	PASS	*10/*36	PASS
NA20506	*1/*1	PASS	*1/*1	PASS
HG03594	*1/*1	PASS	*1/*1	PASS
HG01623	*1/*2	PASS	*1/*2	PASS
NA20351	*17/*17	PASS	*17/*17	PASS
NA11920	*1/*4	PASS	*1/*4	PASS
HG03914	*2/*4	PASS	*2/*4	PASS
HG02799	*1x2/*106	PASS	*1x2/*106	PASS
NA18867	*10/*2	PASS	*10/*2	PASS
NA19741	*1/*1	PASS	*1/*1	PASS
HG03595	*68/*1	PASS	*68/*1	PASS
HG03832	*1/*1	PASS	*1/*1	PASS
HG02545	*1/*4	PASS	*1/*4	PASS
NA18749	*36+*10/*36+*10	PASS	*36+*10/*36+*10	PASS
HG02465	*1/*5	PASS	*1/*5	PASS
HG03937	*4/*5	PASS	*4/*5	PASS
NA07037	*2/*68+*4	PASS	*2/*68+*4	PASS
HG01624	*2x2/*28	PASS	*2x2/*28	PASS
HG02635	*10/*29	PASS	*10/*29	PASS
NA18868	*2/*5	PASS	*2/*5	PASS
HG02464	*1/*17	PASS	*1/*17	PASS
HG03585	*41/*41	PASS	*41/*41	PASS
HG02442	*17/*29	PASS	*17/*29	PASS
HG02697	*1/*41	PASS	*1/*41	PASS
NA07051	*1/*28	PASS	*1/*28	PASS
NA19984	*1/*17	PASS	*1/*17	PASS
HG01625	*1/*1	PASS	*1/*1	PASS
NA18626	*1/*41	PASS	*1/*41	PASS
HG02687	*1/*1	PASS	*1/*1	PASS
HG03934	*2/*3	PASS	*2/*3	PASS
HG02429	*1/*29	PASS	*1/*29	PASS
NA19734	*1/*1	PASS	*1/*1	PASS
NA20514	*1/*2	PASS	*1/*2	PASS
NA18941	*1/*36+*10	PASS	*1/*36+*10	PASS
HG03926	*1/*41	PASS	*1/*41	PASS
NA12045	*1/*41	PASS	*1/*41	PASS
HG01619	*1/*33	PASS	*1/*33	PASS
NA20516	*1/*4x2	PASS	*1/*4x2	PASS
NA19764	*1/*1	PASS	*1/*1	PASS
NA18757	*36+*10/*36+*36	PASS	*36+*10/*36+*36	PASS
HG01107	*1/*41	PASS	*1/*41	PASS
HG02433	*1/*68+*4	PASS	*1/*68+*4	PASS
HG02772	*1/*2	PASS	*1/*2	PASS
NA21144	*1/*2	PASS	*1/*2	PASS
NA18873	*17/*5	PASS	*17/*5	PASS
NA11919	*10/*2	PASS	*10/*2	PASS
HG03012	*10/*5	PASS	*10/*5	PASS
HG03913	*10/*4	PASS	*10/*4	PASS
HG02715	*1/*1	PASS	*1/*1	PASS
NA19740	*2/*68+*4	PASS	*2/*68+*4	PASS
NA18908	*1/*1	PASS	*1/*1	PASS
HG03009	*2/*5	PASS	*2/*5	PASS
HG03829	*1/*2	PASS	*1/*2	PASS
NA20521	*1/*41	PASS	*1/*41	PASS
HG02512	*1/*10	PASS	*1/*10	PASS
NA12006	*4/*41	PASS	*4/*41	PASS
NA18923	*17/*4x2	PASS	*17/*4x2	PASS
HG03833	*1/*4	PASS	*1/*4	PASS
HG03808	*4/*5	PASS	*4/*5	PASS
HG02769	*17/*17	PASS	*17/*17	PASS
NA18971	*1/*10	PASS	*1/*10	PASS
HG01630	*2/*2x2	PASS	*2/*2x2	PASS
NA18748	*36+*10/*36+*10	PASS	*36+*10/*36+*10	PASS
NA20524	*4/*4	PASS	*4/*4	PASS
NA12234	*1/*1	PASS	*1/*1	PASS
HG03902	*1/*86	PASS	*1/*86	PASS
HG02489	*1/*1	PASS	*1/*1	PASS
HG02521	*1/*1	PASS	*1/*1	PASS
NA18957	*1/*1	PASS	*1/*1	PASS
HG02768	*17/*2x2	PASS	*17/*2x2	PASS
HG02470	*17/*43	PASS	*17/*43	PASS
HG03907	*2/*36+*10	PASS	*2/*36+*10	PASS
NA18976	*1/*36+*10	PASS	*1/*36+*10	PASS
HG02804	*125/*2	PASS	*125/*2	PASS
NA12004	*2/*41	PASS	*2/*41	PASS
NA18977	*10/*2	PASS	*10/*2	PASS
HG02450	*17/*17	PASS	*17/*17	PASS
HG01851	*36+*10/*36+*10	PASS	*36+*10/*36+*10	PASS
HG02571	*1/*5	PASS	*1/*5	PASS
HG02798	*1/*1	PASS	*1/*1	PASS
NA20786	*1/*5	PASS	*1/*5	PASS
HG02471	*17/*45	PASS	*17/*45	PASS
HG03905	*1/*1	PASS	*1/*1	PASS
HG02771	*2/*2	PASS	*2/*2	PASS
NA18968	*1/*36+*10	PASS	*1/*36+*10	PASS
HG01626	*4/*9	PASS	*4/*9	PASS
NA18963	*1/*36+*10	PASS	*1/*36+*10	PASS
NA11830	*1/*4	PASS	*1/*4	PASS
NA20508	*1/*1	PASS	*1/*1	PASS
HG03809	*2/*36+*10	PASS	*2/*36+*10	PASS
HG02449	*1/*36	PASS	*1/*36	PASS
NA19923	*2/*4	PASS	*2/*4	PASS
NA18978	*2/*36+*10	PASS	*2/*36+*10	PASS
NA20507	*1/*68+*4	PASS	*1/*68+*4	PASS
HG02445	*17/*41	PASS	*17/*41	PASS
HG03925	*1/*2	PASS	*1/*2	PASS
NA07347	*1_*2_*68	Not_assigned_to_haplotypes	*1_*2_*68	Not_assigned_to_haplotypes
NA20298	*1/*10	PASS	*1/*10	PASS
NA18946	*1/*1	PASS	*1/*1	PASS
NA20510	*1/*4	PASS	*1/*4	PASS
HG01628	*1/*2x2	PASS	*1/*2x2	PASS
HG03817	*1/*41	PASS	*1/*41	PASS
NA19657	*1/*1	PASS	*1/*1	PASS
HG02513	*36+*10/*36+*36+*10	PASS	*36+*10/*36+*36+*10	PASS
NA20525	*1/*41	PASS	*1/*41	PASS
HG01675	*1/*41	PASS	*1/*41	PASS
NA12154	*33/*68+*4	PASS	*33/*68+*4	PASS
HG02734	*1/*1	PASS	*1/*1	PASS
NA19735	*4/*41	PASS	*4/*41	PASS
NA20787	*2/*4	PASS	*2/*4	PASS
HG01673	*1/*41	PASS	*1/*41	PASS
HG03908	*4/*5	PASS	*4/*5	PASS
NA20520	*33/*41	PASS	*33/*41	PASS
HG02060	*2/*2	PASS	*2/*2	PASS
NA19649	*2x2/*68+*4	PASS	*2x2/*68+*4	PASS
NA12749	*1/*4	PASS	*1/*4	PASS
HG02561	*1/*2	PASS	*1/*2	PASS
HG01872	*2/*36+*10	PASS	*2/*36+*10	PASS
HG02688	*1/*1	PASS	*1/*1	PASS
HG01672	*1/*68+*4	PASS	*1/*68+*4	PASS
NA18979	*1/*2x2	PASS	*1/*2x2	PASS
HG03645	*2/*5	PASS	*2/*5	PASS
HG02562	None	None	None	None
HG02610	*29/*36	PASS	*29/*36	PASS
HG02064	*1/*10	PASS	*1/*10	PASS
NA12144	*1/*2	PASS	*1/*2	PASS
NA20804	*1/*33	PASS	*1/*33	PASS
HG02508	*4/*4x2	PASS	*4/*4x2	PASS
HG01869	*1/*36+*10	PASS	*1/*36+*10	PASS
NA20513	*1/*10	PASS	*1/*10	PASS
HG02583	*1/*2	PASS	*1/*2	PASS
HG03679	*1/*4	PASS	*1/*4	PASS
HG02733	*1/*1	PASS	*1/*1	PASS
NA20774	*1/*2x2	PASS	*1/*2x2	PASS
HG01870	*1/*41	PASS	*1/*41	PASS
NA12044	*2/*4	PASS	*2/*4	PASS
HG02462	*1/*29	PASS	*1/*29	PASS
HG02497	*1/*4x3	PASS	*1/*4x3	PASS
HG02634	*17/*17	PASS	*17/*17	PASS
NA19651	*1/*1	PASS	*1/*1	PASS
HG01868	*10/*36+*10	PASS	*10/*36+*10	PASS
HG03642	*1/*111	PASS	*1/*111	PASS
HG02611	*10/*29	PASS	*10/*29	PASS
NA18972	*1/*36+*10	PASS	*1/*36+*10	PASS
NA20796	*41/*9	PASS	*41/*9	PASS
NA06985	*1/*5	PASS	*1/*5	PASS
HG03673	*1/*41	PASS	*1/*41	PASS
HG03774	*2/*86	PASS	*2/*86	PASS
NA20512	*1/*41	PASS	*1/*41	PASS
NA18969	*5/*36+*10	PASS	*5/*36+*10	PASS
HG02040	*36+*10/*36+*10	PASS	*36+*10/*36+*10	PASS
NA20785	*1/*68+*4	PASS	*1/*68+*4	PASS
HG03765	*1/*35	PASS	*1/*35	PASS
NA20509	*35/*4	PASS	*35/*4	PASS
NA12155	*1/*5	PASS	*1/*5	PASS
HG03643	*2/*7	PASS	*2/*7	PASS
NA18970	*1/*36+*10	PASS	*1/*36+*10	PASS
NA18962	*1/*41	PASS	*1/*41	PASS
HG02696	*4/*41	PASS	*4/*41	PASS
HG03636	*2/*2	PASS	*2/*2	PASS
HG03684	*1/*4	PASS	*1/*4	PASS
NA20511	*41/*9	PASS	*41/*9	PASS
NA12414	*1/*4	PASS	*1/*4	PASS
NA18973	*1/*21	PASS	*1/*21	PASS
NA20798	*1/*41	PASS	*1/*41	PASS
HG02116	*1/*10	PASS	*1/*10	PASS
HG01865	*10/*2	PASS	*10/*2	PASS
HG01303	*2/*4	PASS	*2/*4	PASS
HG01678	*1/*2x2	PASS	*1/*2x2	PASS
NA19654	*1/*35	PASS	*1/*35	PASS
HG01871	*1/*10	PASS	*1/*10	PASS
NA10851	*1/*4	PASS	*1/*4	PASS
NA18974	*2/*5	PASS	*2/*5	PASS
NA20536	*1/*41	PASS	*1/*41	PASS
HG02537	*1/*1	PASS	*1/*1	PASS
NA19661	*1/*2	PASS	*1/*2	PASS
NA20540	*2/*41	PASS	*2/*41	PASS
HG01867	*1/*2	PASS	*1/*2	PASS
NA19137	*17/*2x2	PASS	*17/*2x2	PASS
HG02047	*2/*2x2	PASS	*2/*2x2	PASS
NA19652	*1/*1	PASS	*1/*1	PASS
NA20539	*41/*4.013+*4	PASS	*41/*4.013+*4	PASS
HG01679	*2/*35	PASS	*2/*35	PASS
HG03755	*2/*41	PASS	*2/*41	PASS
NA21095	*1/*1	PASS	*1/*1	PASS
NA11994	*2x2/*4	PASS	*2x2/*4	PASS
HG01312	*1/*35	PASS	*1/*35	PASS
NA20800	*2/*2x2	PASS	*2/*2x2	PASS
HG03886	*1/*1	PASS	*1/*1	PASS
HG02621	*68/*46	PASS	*68/*46	PASS
HG03598	*7/*83	PASS	*7/*83	PASS
HG01682	*1/*68+*4	PASS	*1/*68+*4	PASS
NA20535	*4/*4x2	PASS	*4/*4x2	PASS
NA20806	*35/*4	PASS	*35/*4	PASS
NA11840	*1/*4	PASS	*1/*4	PASS
NA21114	*41/*41	PASS	*41/*41	PASS
HG01853	None	None	None	None
HG01680	*28/*59	PASS	*28/*59	PASS
HG01302	*1/*10	PASS	*1/*10	PASS
NA20802	*1/*35	PASS	*1/*35	PASS
HG02585	*29x2/*4	PASS	*29x2/*4	PASS
HG01676	*1/*1	PASS	*1/*1	PASS
NA20527	*2/*4	PASS	*2/*4	PASS
HG01866	*36+*10/*36+*10	PASS	*36+*10/*36+*10	PASS
NA12717	*1/*1	PASS	*1/*1	PASS
NA20775	*2/*68+*4	PASS	*2/*68+*4	PASS
HG02061	*1/*2	PASS	*1/*2	PASS
NA19138	*17/*5	PASS	*17/*5	PASS
HG02546	*10/*29	PASS	*10/*29	PASS
HG01857	*10/*36+*10	PASS	*10/*36+*10	PASS
HG02035	*1/*36+*10	PASS	*1/*36+*10	PASS
NA20530	*35/*5	PASS	*35/*5	PASS
NA20799	*1/*41	PASS	*1/*41	PASS
HG02613	*1/*29	PASS	*1/*29	PASS
NA12003	*35/*4	PASS	*35/*4	PASS
HG03593	*1/*41	PASS	*1/*41	PASS
HG02549	*10/*17	PASS	*10/*17	PASS
HG03885	*1/*1	PASS	*1/*1	PASS
NA20783	*1/*2	PASS	*1/*2	PASS
NA20867	*1/*2	PASS	*1/*2	PASS
HG01311	*1/*2	PASS	*1/*2	PASS
HG03850	*2/*2	PASS	*2/*2	PASS
HG01632	*2/*41	PASS	*2/*41	PASS
NA20807	*2/*41	PASS	*2/*41	PASS
NA07000	*35/*9	PASS	*35/*9	PASS
HG02595	*1/*106	PASS	*1/*106	PASS
NA20531	*2/*2	PASS	*2/*2	PASS
HG02067	None	None	None	None
HG01859	*10/*36+*10	PASS	*10/*36+*10	PASS
HG02620	*10/*17	PASS	*10/*17	PASS
NA18954	None	None	None	None
NA20541	*1/*6	PASS	*1/*6	PASS
HG03644	*1/*43	PASS	*1/*43	PASS
HG03646	*1/*2	PASS	*1/*2	PASS
HG02594	*10/*36	PASS	*10/*36	PASS
HG03940	*1/*2	PASS	*1/*2	PASS
NA12761	*1/*4	PASS	*1/*4	PASS
NA20532	*31/*68+*4	PASS	*31/*68+*4	PASS
NA20790	*35/*68+*4	PASS	*35/*68+*4	PASS
HG01855	*10/*36+*10	PASS	*10/*36+*10	PASS
HG01631	*4/*4.013+*4	PASS	*4/*4.013+*4	PASS
HG02555	*1/*29	PASS	*1/*29	PASS
NA20863	*4/*5	PASS	*4/*5	PASS
NA20797	*1/*68+*4	PASS	*1/*68+*4	PASS
HG01668	*1/*2	PASS	*1/*2	PASS
NA20538	*1/*108	PASS	*1/*108	PASS
NA12716	*1/*41	PASS	*1/*41	PASS
HG03894	*1/*2	PASS	*1/*2	PASS
NA21087	*1/*2	PASS	*1/*2	PASS
NA19658	*2/*35	PASS	*2/*35	PASS
HG02485	*2/*4	PASS	*2/*4	PASS
HG02557	*17/*2	PASS	*17/*2	PASS
HG01860	*41/*36+*10	PASS	*41/*36+*10	PASS
HG02479	*1/*29	PASS	*1/*29	PASS
NA19655	*1/*1	PASS	*1/*1	PASS
NA19131	*2/*2	PASS	*2/*2	PASS
HG02580	*17/*17	PASS	*17/*17	PASS
NA12489	*2/*5	PASS	*2/*5	PASS
HG03941	*1/*1	PASS	*1/*1	PASS
HG04001	*2/*4	PASS	*2/*4	PASS
NA20815	*41/*9	PASS	*41/*9	PASS
NA20529	*1/*1	PASS	*1/*1	PASS
NA19114	*1/*1	PASS	*1/*1	PASS
HG01669	*1/*1	PASS	*1/*1	PASS
NA11829	*4/*5	PASS	*4/*5	PASS
NA20534	*1/*1	PASS	*1/*1	PASS
NA19119	*1/*1	PASS	*1/*1	PASS
NA20795	*1/*2	PASS	*1/*2	PASS
HG04186	*1/*4	PASS	*1/*4	PASS
HG02484	*1/*29	PASS	*1/*29	PASS
HG02558	*17/*27	PASS	*17/*27	PASS
HG02586	*2/*29	PASS	*2/*29	PASS
NA20778	*1/*1	PASS	*1/*1	PASS
HG01863	*10/*10	PASS	*10/*10	PASS
HG01670	*1/*2	PASS	*1/*2	PASS
HG01088	*1/*32	PASS	*1/*32	PASS
NA12043	*2/*2	PASS	*2/*2	PASS
NA19108	*1/*2x2	PASS	*1/*2x2	PASS
HG03866	*2/*86	PASS	*2/*86	PASS
NA20818	*1/*1	PASS	*1/*1	PASS
HG04156	*43/*5	PASS	*43/*5	PASS
NA20528	*1/*2	PASS	*1/*2	PASS
HG02496	*1/*10	PASS	*1/*10	PASS
HG02588	*106/*2	PASS	*106/*2	PASS
HG01864	*36+*10/*36+*10	PASS	*36+*10/*36+*10	PASS
NA20812	*1/*2	PASS	*1/*2	PASS
NA20533	*2/*41	PASS	*2/*41	PASS
NA12156	*1/*4	PASS	*1/*4	PASS
HG04155	*1/*4	PASS	*1/*4	PASS
HG03944	*1/*5	PASS	*1/*5	PASS
HG02577	*41/*5	PASS	*41/*5	PASS
NA20810	*1/*6	PASS	*1/*6	PASS
NA21093	*2/*2	PASS	*2/*2	PASS
HG02511	*10/*17	PASS	*10/*17	PASS
HG01089	*1/*4	PASS	*1/*4	PASS
NA19129	*17/*17	PASS	*17/*17	PASS
NA20801	*1/*1	PASS	*1/*1	PASS
HG03095	*10/*29	PASS	*10/*29	PASS
HG03897	*1/*41	PASS	*1/*41	PASS
NA12762	*1/*3	PASS	*1/*3	PASS
HG01685	*1/*2x2	PASS	*1/*2x2	PASS
HG02554	*10/*36+*10	PASS	*10/*36+*10	PASS
NA20803	*2/*22	PASS	*2/*22	PASS
NA19099	*17/*29	PASS	*17/*29	PASS
HG01862	*1/*36+*10	PASS	*1/*36+*10	PASS
HG03884	*4/*86	PASS	*4/*86	PASS
HG00743	*1/*4	PASS	*1/*4	PASS
NA20864	*1/*4	PASS	*1/*4	PASS
NA18966	*1/*2	PASS	*1/*2	PASS
NA12249	*1/*4	PASS	*1/*4	PASS
HG01700	*2/*41	PASS	*2/*41	PASS
HG01858	*36+*10/*36+*10	PASS	*36+*10/*36+*10	PASS
HG01403	*1/*2	PASS	*1/*2	PASS
NA20809	*1/*9	PASS	*1/*9	PASS
HG00140	*4/*9	PASS	*4/*9	PASS
HG01566	*4/*4	PASS	*4/*4	PASS
NA19116	*2/*45	PASS	*2/*45	PASS
HG04159	*1/*2	PASS	*1/*2	PASS
HG01684	*1/*5	PASS	*1/*5	PASS
NA20542	*2/*2	PASS	*2/*2	PASS
NA12760	*1/*4	PASS	*1/*4	PASS
NA20805	*35/*68+*4	PASS	*35/*68+*4	PASS
NA19098	*1/*10	PASS	*1/*10	PASS
HG01861	*1/*5	PASS	*1/*5	PASS
HG03754	*4/*41	PASS	*4/*41	PASS
HG01058	*1/*17	PASS	*1/*17	PASS
NA19222	*1/*43	PASS	*1/*43	PASS
NA19102	*1/*1	PASS	*1/*1	PASS
HG01708	*1/*5	PASS	*1/*5	PASS
HG04056	*41/*68+*4	PASS	*41/*68+*4	PASS
HG00139	*1/*2	PASS	*1/*2	PASS
NA12750	*2/*2	PASS	*2/*2	PASS
NA20808	*68+*4/*68+*4	PASS	*68+*4/*68+*4	PASS
HG01707	*1/*2	PASS	*1/*2	PASS
HG02589	*29/*4x2	PASS	*29/*4x2	PASS
HG00141	*1/*4	PASS	*1/*4	PASS
HG01874	*36+*10/*36+*10	PASS	*36+*10/*36+*10	PASS
HG03741	*4/*4	PASS	*4/*4	PASS
NA20792	*1/*1	PASS	*1/*1	PASS
HG03899	*1/*1	PASS	*1/*1	PASS
NA19141	*1/*10	PASS	*1/*10	PASS
HG00879	*1/*36+*10	PASS	*1/*36+*10	PASS
NA12751	*1/*2	PASS	*1/*2	PASS
HG03378	*1/*5	PASS	*1/*5	PASS
HG01323	*1/*2	PASS	*1/*2	PASS
NA20822	*4/*41	PASS	*4/*41	PASS
NA20868	*41/*41	PASS	*41/*41	PASS
HG01776	*1/*3	PASS	*1/*3	PASS
HG01704	*1/*10	PASS	*1/*10	PASS
HG00742	*1/*10	PASS	*1/*10	PASS
NA12287	*41/*41	PASS	*41/*41	PASS
NA20821	*1/*41	PASS	*1/*41	PASS
NA21129	*2/*68+*4	PASS	*2/*68+*4	PASS
HG03757	*1/*1	PASS	*1/*1	PASS
HG01775	*1/*4	PASS	*1/*4	PASS
NA20543	*1/*28	PASS	*1/*28	PASS
NA20819	*2/*41	PASS	*2/*41	PASS
HG03394	*4/*4x2	PASS	*4/*4x2	PASS
HG02643	*10/*17	PASS	*10/*17	PASS
HG01326	*4/*41	PASS	*4/*41	PASS
NA18501	*1/*17	PASS	*1/*17	PASS
HG04094	*2/*2	PASS	*2/*2	PASS
HG01686	*6/*6	PASS	*6/*6	PASS
NA19648	*1/*1	PASS	*1/*1	PASS
HG00138	*3/*3	PASS	*3/*3	PASS
NA21126	*1/*2	PASS	*1/*2	PASS
HG01702	*1/*4	PASS	*1/*4	PASS
HG01773	*1/*41	PASS	*1/*41	PASS
HG01393	*1/*1	PASS	*1/*1	PASS
NA19625	*1/*2	PASS	*1/*2	PASS
HG00100	*4/*41	PASS	*4/*41	PASS
NA18498	*41/*45	PASS	*41/*45	PASS
HG03692	*2x2/*36+*10	PASS	*2x2/*36+*10	PASS
HG00132	*2/*41	PASS	*2/*41	PASS
HG01777	*10/*5	PASS	*10/*5	PASS
NA20814	*4/*41	PASS	*4/*41	PASS
HG03225	*56/*5	PASS	*56/*5	PASS
HG02629	*1/*1	PASS	*1/*1	PASS
HG01414	*1/*2	PASS	*1/*2	PASS
HG04023	*2/*5	PASS	*2/*5	PASS
NA12878	*3/*68+*4	PASS	*3/*68+*4	PASS
HG03382	*1/*17	PASS	*1/*17	PASS
NA20813	*4/*41	PASS	*4/*41	PASS
HG00137	*1/*1	PASS	*1/*1	PASS
NA19026	*17/*2	PASS	*17/*2	PASS
HG01705	*17/*41	PASS	*17/*41	PASS
HG01873	*1/*10	PASS	*1/*10	PASS
HG01402	*1/*1	PASS	*1/*1	PASS
NA20828	*2/*32	PASS	*2/*32	PASS
HG02666	*1/*29	PASS	*1/*29	PASS
HG03558	*1/*10	PASS	*1/*10	PASS
HG00136	*1/*1	PASS	*1/*1	PASS
NA18991	*1/*1	PASS	*1/*1	PASS
HG01779	*1x2/*2	PASS	*1x2/*2	PASS
NA20811	*1/*4	PASS	*1/*4	PASS
HG03740	*2/*68+*4	PASS	*2/*68+*4	PASS
HG02646	*17/*4x2	PASS	*17/*4x2	PASS
HG01392	*41/*46	PASS	*41/*46	PASS
HG03224	*2/*5	PASS	*2/*5	PASS
HG04062	*1/*68+*4	PASS	*1/*68+*4	PASS
NA20832	*1/*2	PASS	*1/*2	PASS
HG02628	*10/*46	PASS	*10/*46	PASS
HG01396	*2/*4	PASS	*2/*4	PASS
HG02941	*1/*29	PASS	*1/*29	PASS
NA18993	*1/*1	PASS	*1/*1	PASS
HG01395	*1/*2	PASS	*1/*2	PASS
HG04090	*1/*4	PASS	*1/*4	PASS
NA20826	*1/*1	PASS	*1/*1	PASS
HG00102	*2/*2	PASS	*2/*2	PASS
HG02968	*10/*40	PASS	*10/*40	PASS
HG01413	*2/*41	PASS	*2/*41	PASS
HG00759	*36+*10/*36+*10	PASS	*36+*10/*36+*10	PASS
HG02642	*17/*45	PASS	*17/*45	PASS
HG03567	*10/*2	PASS	*10/*2	PASS
HG00269	*1/*117	PASS	*1/*117	PASS
NA20544	*1/*1	PASS	*1/*1	PASS
NA12812	*1/*6	PASS	*1/*6	PASS
HG03888	*2/*41	PASS	*2/*41	PASS
HG00766	*5/*36+*10	PASS	*5/*36+*10	PASS
NA21124	*1/*4	PASS	*1/*4	PASS
NA20827	*28/*68+*4	PASS	*28/*68+*4	PASS
HG01325	*1/*2	PASS	*1/*2	PASS
HG01565	*1/*1	PASS	*1/*1	PASS
HG00097	*1/*4	PASS	*1/*4	PASS
HG03969	*1/*1	PASS	*1/*1	PASS
NA19664	*2_*2_*68	Not_assigned_to_haplotypes	*2_*2_*68	Not_assigned_to_haplotypes
HG03746	*1/*1	PASS	*1/*1	PASS
HG00133	*1/*1	PASS	*1/*1	PASS
NA18646	*1/*10	PASS	*1/*10	PASS
NA19144	*2/*2	PASS	*2/*2	PASS
HG00262	*1/*9	PASS	*1/*9	PASS
HG00145	*1/*9	PASS	*1/*9	PASS
HG03743	*4/*41	PASS	*4/*41	PASS
HG04061	*1/*41	PASS	*1/*41	PASS
NA19663	*1/*1	PASS	*1/*1	PASS
HG02851	*29x2/*34	PASS	*29x2/*34	PASS
HG02645	*17/*45	PASS	*17/*45	PASS
HG03750	*4/*41	PASS	*4/*41	PASS
HG04059	*1/*7	PASS	*1/*7	PASS
NA18558	*1/*10	PASS	*1/*10	PASS
NA19669	*1/*4	PASS	*1/*4	PASS
HG03693	*2/*41	PASS	*2/*41	PASS
HG02623	*2/*45	PASS	*2/*45	PASS
NA18516	*1/*17	PASS	*1/*17	PASS
HG00143	*1/*4	PASS	*1/*4	PASS
HG04054	*1/*41	PASS	*1/*41	PASS
HG03432	*17/*45	PASS	*17/*45	PASS
HG00260	*2/*5	PASS	*2/*5	PASS
HG00096	*1/*4	PASS	*1/*4	PASS
NA18561	*36+*10/*36+*10	PASS	*36+*10/*36+*10	PASS
NA18519	*106/*29	PASS	*106/*29	PASS
HG02938	*5/*5	PASS	*5/*5	PASS
HG00259	*1/*4	PASS	*1/*4	PASS
HG01781	*2/*35	PASS	*2/*35	PASS
HG00101	*2/*41	PASS	*2/*41	PASS
HG00160	*2/*2	PASS	*2/*2	PASS
HG01926	*1/*1	PASS	*1/*1	PASS
HG00268	*1/*3	PASS	*1/*3	PASS
HG00157	*35/*6	PASS	*35/*6	PASS
NA19143	*10/*45	PASS	*10/*45	PASS
HG01933	*1/*17	PASS	*1/*17	PASS
HG04060	*1/*1	PASS	*1/*1	PASS
NA12776	*1/*1x2	PASS	*1/*1x2	PASS
NA19681	*2/*68+*4	PASS	*2/*68+*4	PASS
NA18861	*29/*5	PASS	*29/*5	PASS
NA19089	*1/*10	PASS	*1/*10	PASS
HG03457	*2/*4x2	PASS	*2/*4x2	PASS
HG03951	*1/*113	PASS	*1/*113	PASS
HG04206	*113/*2	PASS	*113/*2	PASS
NA19711	*3/*45	PASS	*3/*45	PASS
NA12828	*1/*4	PASS	*1/*4	PASS
HG01935	*1/*1	PASS	*1/*1	PASS
HG00158	*10/*2	PASS	*10/*2	PASS
HG00266	*2/*6	PASS	*2/*6	PASS
NA20905	*1/*1	PASS	*1/*1	PASS
HG00982	*1/*41	PASS	*1/*41	PASS
HG03756	*10/*2	PASS	*10/*2	PASS
HG02839	*1/*2	PASS	*1/*2	PASS
HG00261	*1/*2	PASS	*1/*2	PASS
HG00864	*36+*10/*36+*10	PASS	*36+*10/*36+*10	PASS
NA19307	*1/*4	PASS	*1/*4	PASS
HG03844	*2/*41	PASS	*2/*41	PASS
HG04229	*1/*1	PASS	*1/*1	PASS
NA18502	*45/*5	PASS	*45/*5	PASS
NA19707	*2/*68+*4	PASS	*2/*68+*4	PASS
HG00956	*41/*36+*10	PASS	*41/*36+*10	PASS
HG02979	*1/*17	PASS	*1/*17	PASS
HG02840	*17/*29	PASS	*17/*29	PASS
HG00099	*1/*5	PASS	*1/*5	PASS
HG00263	*1/*35	PASS	*1/*35	PASS
HG01572	*1/*4x2	PASS	*1/*4x2	PASS
HG00155	*4/*41	PASS	*4/*41	PASS
NA18864	*17/*2	PASS	*17/*2	PASS
HG00844	*36+*10/*36+*10	PASS	*36+*10/*36+*10	PASS
NA19091	*1/*2	PASS	*1/*2	PASS
HG01917	*1/*35	PASS	*1/*35	PASS
HG00149	*2x2/*4.013+*4	PASS	*2x2/*4.013+*4	PASS
HG00256	*2/*9	PASS	*2/*9	PASS
HG04209	*2/*4	PASS	*2/*4	PASS
NA18987	*1/*36+*10	PASS	*1/*36+*10	PASS
HG01577	*1/*2	PASS	*1/*2	PASS
NA18603	*36+*10/*36+*10	PASS	*36+*10/*36+*10	PASS
NA19043	*1/*1	PASS	*1/*1	PASS
NA19676	*1/*2	PASS	*1/*2	PASS
NA18874	*1/*29	PASS	*1/*29	PASS
HG01924	*1/*2	PASS	*1/*2	PASS
HG00142	*2/*4	PASS	*2/*4	PASS
HG00271	*1/*68+*4	PASS	*1/*68+*4	PASS
NA18522	*1/*106	PASS	*1/*106	PASS
NA19308	*2/*2x2	PASS	*2/*2x2	PASS
HG01571	*1/*1	PASS	*1/*1	PASS
HG04076	*2/*41	PASS	*2/*41	PASS
HG04210	*35/*4	PASS	*35/*4	PASS
NA19701	*1/*17	PASS	*1/*17	PASS
HG02981	*17/*4x2	PASS	*17/*4x2	PASS
HG03857	*1/*5	PASS	*1/*5	PASS
NA18510	*1/*29	PASS	*1/*29	PASS
HG04096	*41/*41	PASS	*41/*41	PASS
HG02624	*17/*36	PASS	*17/*36	PASS
HG03111	*4x2/*45	PASS	*4x2/*45	PASS
HG00254	*1/*2	PASS	*1/*2	PASS
HG03945	*1/*2	PASS	*1/*2	PASS
NA12830	*1/*4x2	PASS	*1/*4x2	PASS
HG00105	*1/*1	PASS	*1/*1	PASS
NA18504	*1/*2	PASS	*1/*2	PASS
HG01918	*1/*2	PASS	*1/*2	PASS
HG00252	*1/*9	PASS	*1/*9	PASS
HG02814	*29/*4	PASS	*29/*4	PASS
HG03049	*1/*29	PASS	*1/*29	PASS
NA19309	*17/*17	PASS	*17/*17	PASS
HG03838	*1/*1	PASS	*1/*1	PASS
NA19712	*1/*4	PASS	*1/*4	PASS
NA20291	*1/*2	PASS	*1/*2	PASS
HG04106	*113/*2	PASS	*113/*2	PASS
HG03849	*2/*5	PASS	*2/*5	PASS
NA12546	*35/*41	PASS	*35/*41	PASS
HG02667	*1/*17	PASS	*1/*17	PASS
NA19682	None	None	None	None
HG04227	*1/*43	PASS	*1/*43	PASS
HG03105	*1/*4x2	PASS	*1/*4x2	PASS
HG01046	*2/*36+*10	PASS	*2/*36+*10	PASS
HG02675	*17/*43	PASS	*17/*43	PASS
NA19684	*1/*4	PASS	*1/*4	PASS
HG00151	*4/*4	PASS	*4/*4	PASS
NA18992	*1/*5	PASS	*1/*5	PASS
HG01578	*2/*2	PASS	*2/*2	PASS
HG00867	*41/*36+*10	PASS	*41/*36+*10	PASS
NA19310	*17/*17	PASS	*17/*17	PASS
HG03854	*41/*5	PASS	*41/*5	PASS
HG03112	*29/*45	PASS	*29/*45	PASS
NA19703	*1/*2x2	PASS	*1/*2x2	PASS
HG01767	*1/*1	PASS	*1/*1	PASS
HG00103	*2/*4	PASS	*2/*4	PASS
NA18486	*17/*17	PASS	*17/*17	PASS
HG04006	*1/*2	PASS	*1/*2	PASS
HG03991	*1/*1	PASS	*1/*1	PASS
HG00267	*2/*2	PASS	*2/*2	PASS
HG02808	*1/*29	PASS	*1/*29	PASS
HG00107	*2/*35	PASS	*2/*35	PASS
HG00148	*2/*41	PASS	*2/*41	PASS
HG03103	*1/*1	PASS	*1/*1	PASS
HG00264	*2/*41	PASS	*2/*41	PASS
NA18507	*2/*4x2	PASS	*2/*4x2	PASS
HG04107	*1/*5	PASS	*1/*5	PASS
HG02679	*10/*40	PASS	*10/*40	PASS
HG01768	*1/*9	PASS	*1/*9	PASS
HG03126	*1/*17	PASS	*1/*17	PASS
NA19679	*1/*2	PASS	*1/*2	PASS
HG00146	*1/*4	PASS	*1/*4	PASS
HG02678	*5/*5	PASS	*5/*5	PASS
HG03189	*17/*2	PASS	*17/*2	PASS
HG00851	*1/*36+*10	PASS	*1/*36+*10	PASS
NA19700	*29/*4	PASS	*29/*4	PASS
HG02813	*1/*29	PASS	*1/*29	PASS
NA20299	*1/*17	PASS	*1/*17	PASS
HG03202	*1/*45	PASS	*1/*45	PASS
NA19312	*1/*4	PASS	*1/*4	PASS
HG04211	*1/*10	PASS	*1/*10	PASS
HG03520	*1/*17	PASS	*1/*17	PASS
HG04100	*1/*2	PASS	*1/*2	PASS
HG00258	*1/*1	PASS	*1/*1	PASS
HG00108	*41/*41	PASS	*41/*41	PASS
HG02805	*17/*36	PASS	*17/*36	PASS
HG03521	*1/*40	PASS	*1/*40	PASS
NA12814	*2/*41	PASS	*2/*41	PASS
NA18532	*36+*10/*36+*10	PASS	*36+*10/*36+*10	PASS
HG00253	*1/*1	PASS	*1/*1	PASS
HG00111	*3/*3	PASS	*3/*3	PASS
HG01941	*1/*2	PASS	*1/*2	PASS
HG04038	*1/*4	PASS	*1/*4	PASS
HG00881	*2/*71	PASS	*2/*71	PASS
NA12763	*2/*59	PASS	*2/*59	PASS
HG00244	*1/*4	PASS	*1/*4	PASS
HG03518	*1/*4	PASS	*1/*4	PASS
NA19319	*17/*17	PASS	*17/*17	PASS
HG03955	*1/*41	PASS	*1/*41	PASS
HG02810	*1/*17	PASS	*1/*17	PASS
HG03265	*1/*4x2	PASS	*1/*4x2	PASS
NA19704	*2/*29	PASS	*2/*29	PASS
HG04075	*1/*2	PASS	*1/*2	PASS
HG00109	*2/*2	PASS	*2/*2	PASS
HG01031	*10/*2	PASS	*10/*2	PASS
NA12874	*1/*2	PASS	*1/*2	PASS
HG03354	*1/*139	PASS	*1/*139	PASS
NA19670	*2/*41	PASS	*2/*41	PASS
HG00150	*1/*1	PASS	*1/*1	PASS
HG00106	*1/*1	PASS	*1/*1	PASS
HG03086	*1/*17	PASS	*1/*17	PASS
HG00978	*41/*36+*10	PASS	*41/*36+*10	PASS
HG02888	*36/*45	PASS	*36/*45	PASS
HG00265	*1/*4	PASS	*1/*4	PASS
NA20296	*1/*2	PASS	*1/*2	PASS
HG03297	*17/*2	PASS	*17/*2	PASS
HG02676	*1/*29	PASS	*1/*29	PASS
HG03028	*1/*10	PASS	*1/*10	PASS
HG01794	*10/*5	PASS	*10/*5	PASS
HG03303	*1/*45	PASS	*1/*45	PASS
HG00257	*4/*41	PASS	*4/*41	PASS
NA19320	*29/*29	PASS	*29/*29	PASS
HG02887	*1/*2	PASS	*1/*2	PASS
HG02219	*1/*10	PASS	*1/*10	PASS
HG03363	*1/*29	PASS	*1/*29	PASS
NA12873	*1/*5	PASS	*1/*5	PASS
HG03985	*2/*2	PASS	*2/*2	PASS
HG00243	*2/*4	PASS	*2/*4	PASS
NA19318	*17/*4	PASS	*17/*4	PASS
HG01938	*1/*1x2	PASS	*1/*1x2	PASS
HG04080	*1/*2	PASS	*1/*2	PASS
HG02896	*17/*2	PASS	*17/*2	PASS
HG03091	*10/*17	PASS	*10/*17	PASS
HG00242	*1/*41	PASS	*1/*41	PASS
NA19314	None	None	None	None
HG03046	*1/*29	PASS	*1/*29	PASS
NA18517	*10/*5	PASS	*10/*5	PASS
HG04200	*113/*41	PASS	*113/*41	PASS
HG03304	*29/*4x2	PASS	*29/*4x2	PASS
NA18550	*36+*10/*36+*10	PASS	*36+*10/*36+*10	PASS
HG00113	*1/*1	PASS	*1/*1	PASS
HG00272	*1/*1x2	PASS	*1/*1x2	PASS
HG03517	*17/*17	PASS	*17/*17	PASS
HG02811	*1/*1	PASS	*1/*1	PASS
HG03039	*1/*29	PASS	*1/*29	PASS
NA18499	*1/*29	PASS	*1/*29	PASS
HG00110	*4/*4	PASS	*4/*4	PASS
HG03352	*1/*1	PASS	*1/*1	PASS
HG02852	*2/*29	PASS	*2/*29	PASS
NA19678	*1/*1	PASS	*1/*1	PASS
HG01785	*1/*2	PASS	*1/*2	PASS
HG02703	*2/*5	PASS	*2/*5	PASS
HG02890	*1/*29	PASS	*1/*29	PASS
HG03313	None	None	None	None
NA20294	*1/*1	PASS	*1/*1	PASS
HG02702	*1/*17	PASS	*1/*17	PASS
HG04202	*10/*2	PASS	*10/*2	PASS
HG03040	*17/*41	PASS	*17/*41	PASS
HG00245	*4/*68+*4	PASS	*4/*68+*4	PASS
HG03311	*1/*29	PASS	*1/*29	PASS
HG03027	*1x2/*2	PASS	*1x2/*2	PASS
HG02722	*1/*2	PASS	*1/*2	PASS
HG03511	*1/*1	PASS	*1/*1	PASS
HG00318	*1/*1	PASS	*1/*1	PASS
NA18876	*17/*17	PASS	*17/*17	PASS
HG01029	*41/*36+*10	PASS	*41/*36+*10	PASS
NA19038	*17/*41	PASS	*17/*41	PASS
HG03298	*1/*1	PASS	*1/*1	PASS
HG00112	*1/*4	PASS	*1/*4	PASS
HG00308	*1/*68+*4	PASS	*1/*68+*4	PASS
HG03778	*1/*1	PASS	*1/*1	PASS
NA20585	*2/*9	PASS	*2/*9	PASS
HG03887	*1/*2	PASS	*1/*2	PASS
HG02721	*17/*2	PASS	*17/*2	PASS
HG00306	*1/*4	PASS	*1/*4	PASS
NA18523	*17/*29	PASS	*17/*29	PASS
HG03351	*1/*17	PASS	*1/*17	PASS
HG04098	*1/*2	PASS	*1/*2	PASS
HG03989	*1/*2	PASS	*1/*2	PASS
HG00114	*1/*2	PASS	*1/*2	PASS
HG00323	*2/*4	PASS	*2/*4	PASS
HG03858	*10/*43	PASS	*10/*43	PASS
HG03998	*2/*86	PASS	*2/*86	PASS
HG00115	*1/*2	PASS	*1/*2	PASS
HG04212	*113/*41	PASS	*113/*41	PASS
NA18520	*1/*17	PASS	*1/*17	PASS
HG00315	*2/*9	PASS	*2/*9	PASS
NA19025	*2/*29	PASS	*2/*29	PASS
HG03372	*125/*29	PASS	*125/*29	PASS
NA19321	*27/*29	PASS	*27/*29	PASS
HG01936	*1x2/*1x2	PASS	*1x2/*1x2	PASS
HG03990	*2/*2	PASS	*2/*2	PASS
HG02807	*17/*29	PASS	*17/*29	PASS
HG00328	*4/*68+*4	PASS	*4/*68+*4	PASS
NA20289	*11/*6	PASS	*11/*6	PASS
NA19324	*17/*17	PASS	*17/*17	PASS
HG03127	*2x2/*46	PASS	*2x2/*46	PASS
NA19041	*17/*29	PASS	*17/*29	PASS
HG01360	*1/*2	PASS	*1/*2	PASS
HG03079	*1/*17	PASS	*1/*17	PASS
HG04198	*1/*1	PASS	*1/*1	PASS
NA20587	*2/*35	PASS	*2/*35	PASS
NA19316	None	None	None	None
NA18877	*125/*17	PASS	*125/*17	PASS
HG00309	*2/*6	PASS	*2/*6	PASS
HG03986	*2/*2	PASS	*2/*2	PASS
NA20582	*10/*2	PASS	*10/*2	PASS
NA19317	*5/*5	PASS	*5/*5	PASS
HG01786	*1/*41	PASS	*1/*41	PASS
HG00337	*2x2/*22	PASS	*2x2/*22	PASS
HG03190	*17/*4x2	PASS	*17/*4x2	PASS
NA20581	*4/*68+*4	PASS	*4/*68+*4	PASS
NA18648	*10/*2	PASS	*10/*2	PASS
HG02490	*2/*33	PASS	None	None
HG03950	*1/*5	PASS	*1/*5	PASS
HG00343	*1/*68+*4	PASS	*1/*68+*4	PASS
HG04039	*1/*68+*4	PASS	*1/*68+*4	PASS
HG01028	*10/*36+*10	PASS	*10/*36+*10	PASS
HG02601	*1/*2	PASS	*1/*2	PASS
HG03499	*17/*4x2	PASS	*17/*4x2	PASS
HG00327	*1/*4	PASS	*1/*4	PASS
NA20588	*1/*1	PASS	*1/*1	PASS
HG01054	*1/*1	PASS	*1/*1	PASS
HG03193	*1/*1	PASS	*1/*1	PASS
NA19323	*1/*29	PASS	*1/*29	PASS
NA18990	*1/*36+*10	PASS	*1/*36+*10	PASS
HG03045	*1/*5	PASS	*1/*5	PASS
HG00335	*1/*2	PASS	*1/*2	PASS
HG01939	*1/*2	PASS	*1/*2	PASS
HG03132	*1/*17	PASS	*1/*17	PASS
HG02604	*1/*1	PASS	*1/*1	PASS
HG04047	*1/*4	PASS	*1/*4	PASS
HG00273	*1/*35	PASS	*1/*35	PASS
HG03077	*1/*41	PASS	*1/*41	PASS
HG03136	*17/*45	PASS	*17/*45	PASS
NA18511	*1/*2	PASS	*1/*2	PASS
HG03376	*10/*45	PASS	*10/*45	PASS
NA19037	*17/*29	PASS	*17/*29	PASS
HG01893	*1/*5	PASS	*1/*5	PASS
HG00342	*1/*68+*4	PASS	*1/*68+*4	PASS
HG01055	*1/*9	PASS	*1/*9	PASS
NA20586	*2x2/*35	PASS	*2x2/*35	PASS
HG02603	*1/*2	PASS	*1/*2	PASS
HG03082	*1/*17	PASS	*1/*17	PASS
HG00313	*1/*4	PASS	*1/*4	PASS
NA12815	*2/*41	PASS	*2/*41	PASS
NA19315	*1/*29	PASS	*1/*29	PASS
HG02724	*1/*1	PASS	*1/*1	PASS
HG02655	*1/*1	PASS	*1/*1	PASS
HG03157	*1/*45	PASS	*1/*45	PASS
HG01257	*2/*2	PASS	*2/*2	PASS
NA19090	*1/*36+*10	PASS	*1/*36+*10	PASS
HG01067	*2/*4	PASS	*2/*4	PASS
HG03139	*17/*2x2	PASS	*17/*2x2	PASS
HG02491	*1/*1	PASS	*1/*1	PASS
HG00311	*1/*2	PASS	*1/*2	PASS
HG03175	*1/*17	PASS	*1/*17	PASS
NA18547	*10/*10	PASS	*10/*10	PASS
HG01079	*1/*33	PASS	*1/*33	PASS
NA18644	*1/*36+*10	PASS	*1/*36+*10	PASS
HG00130	*2/*4	PASS	*2/*4	PASS
HG02682	*1/*33	PASS	*1/*33	PASS
HG00344	*1/*41	PASS	*1/*41	PASS
HG03048	*1/*29	PASS	*1/*29	PASS
HG00129	*1/*3	PASS	*1/*3	PASS
HG02725	*1/*4	PASS	*1/*4	PASS
HG02649	*1/*2	PASS	*1/*2	PASS
HG02895	*10/*29	PASS	*10/*29	PASS
HG00345	*1/*1	PASS	*1/*1	PASS
HG02600	*1/*5	PASS	*1/*5	PASS
HG03135	*2/*2x2	PASS	*2/*2x2	PASS
HG03166	*2/*40	PASS	*2/*40	PASS
NA18994	*1/*36+*10	PASS	*1/*36+*10	PASS
HG02885	*4/*4	PASS	*4/*4	PASS
HG01259	*1/*5	PASS	*1/*5	PASS
HG03229	*1/*10	PASS	*1/*10	PASS
HG02654	*2/*86	PASS	*2/*86	PASS
HG01066	*35/*41	PASS	*35/*41	PASS
HG02493	*2/*2	PASS	*2/*2	PASS
NA19036	*17/*5	PASS	*17/*5	PASS
HG00338	*1/*2	PASS	*1/*2	PASS
NA19332	*2x2/*29	PASS	*2x2/*29	PASS
HG02783	*1/*1	PASS	*1/*1	PASS
NA18526	*1/*36+*36+*10	PASS	*1/*36+*36+*10	PASS
HG02651	*2/*68+*4	PASS	*2/*68+*4	PASS
HG04003	*1/*5	PASS	*1/*5	PASS
HG02700	*1/*4	PASS	*1/*4	PASS
HG02657	*1/*1	PASS	*1/*1	PASS
HG01080	*2/*28	PASS	*2/*28	PASS
HG00320	*2/*2x2	PASS	*2/*2x2	PASS
HG03096	*17/*29	PASS	*17/*29	PASS
HG02648	*1/*2	PASS	*1/*2	PASS
NA19331	*1/*17	PASS	*1/*17	PASS
NA18505	*1/*45	PASS	*1/*45	PASS
HG02817	*2/*29	PASS	*2/*29	PASS
HG01272	*17/*82	PASS	*17/*82	PASS
HG03397	*1/*5	PASS	*1/*5	PASS
HG02690	*1/*1	PASS	*1/*1	PASS
HG02727	*43/*86	PASS	*43/*86	PASS
HG00319	*1/*68+*4	PASS	*1/*68+*4	PASS
HG00127	*2/*4.013+*4	PASS	*2/*4.013+*4	PASS
HG03057	*2/*29	PASS	*2/*29	PASS
HG02681	*2/*41	PASS	*2/*41	PASS
NA18865	*17/*2	PASS	*17/*2	PASS
NA20900	*4/*5	PASS	*4/*5	PASS
HG02658	*1/*2	PASS	*1/*2	PASS
HG01256	*1/*68+*68+*4	PASS	*1/*68+*68+*4	PASS
HG03653	*1/*2	PASS	*1/*2	PASS
HG01049	*17/*2	PASS	*17/*2	PASS
NA21092	*1/*41	PASS	*1/*41	PASS
HG02737	*41/*6	PASS	*41/*6	PASS
NA19350	*1/*17	PASS	*1/*17	PASS
HG02837	*1/*4x2	PASS	*1/*4x2	PASS
HG01359	*1/*4	PASS	*1/*4	PASS
HG03078	*1/*29	PASS	*1/*29	PASS
NA12872	None	None	None	None
HG02699	*1/*2	PASS	*1/*2	PASS
NA19351	*29/*29	PASS	*29/*29	PASS
NA20910	*1/*1	PASS	*1/*1	PASS
HG00336	*1/*1	PASS	*1/*1	PASS
HG02728	*1/*4	PASS	*1/*4	PASS
HG02736	*2/*41	PASS	*2/*41	PASS
NA20589	*1/*41	PASS	*1/*41	PASS
NA19346	*2/*2	PASS	*2/*2	PASS
NA18982	*1/*5	PASS	*1/*5	PASS
HG01260	*1/*1	PASS	*1/*1	PASS
HG02652	*1/*1	PASS	*1/*1	PASS
HG02836	*1/*17	PASS	*1/*17	PASS
HG02891	*2/*29x2	PASS	*2/*29x2	PASS
HG03624	*1/*2x2	PASS	*1/*2x2	PASS
NA19334	*1/*17	PASS	*1/*17	PASS
HG01254	*2/*41	PASS	*2/*41	PASS
HG00736	*35/*4	PASS	*35/*4	PASS
HG03052	*17/*45	PASS	*17/*45	PASS
NA20332	*10/*9	PASS	*10/*9	PASS
HG00120	*1/*1	PASS	*1/*1	PASS
HG03085	*1/*45	PASS	*1/*45	PASS
HG01334	*4/*4	PASS	*4/*4	PASS
HG01047	*1/*1	PASS	*1/*1	PASS
HG03451	*1/*17	PASS	*1/*17	PASS
HG00117	*1/*1	PASS	*1/*1	PASS
HG01341	None	None	None	None
HG03258	*2/*43	PASS	*2/*43	PASS
NA19001	*5/*36+*10	PASS	*5/*36+*10	PASS
NA20896	*1/*2	PASS	*1/*2	PASS
NA19338	*2/*5	PASS	*2/*5	PASS
HG01344	*4/*41	PASS	*4/*41	PASS
HG02884	*1/*2	PASS	*1/*2	PASS
HG03084	*1/*45	PASS	*1/*45	PASS
NA19327	*17/*2	PASS	*17/*2	PASS
HG02756	*1/*2	PASS	*1/*2	PASS
NA21141	*111/*2	PASS	*111/*2	PASS
NA18508	*2/*5	PASS	*2/*5	PASS
HG00339	*1/*117	PASS	*1/*117	PASS
HG03212	*17/*17	PASS	*17/*17	PASS
HG00740	*2/*2	PASS	*2/*2	PASS
HG03097	*17/*2	PASS	*17/*2	PASS
HG01348	*1/*1	PASS	*1/*1	PASS
NA18997	*1/*5	PASS	*1/*5	PASS
NA20901	*1x2/*7	PASS	*1x2/*7	PASS
NA19347	*17/*29	PASS	*17/*29	PASS
HG01048	*1/*2	PASS	*1/*2	PASS
HG01271	*10/*4	PASS	*10/*4	PASS
NA20902	*1/*2	PASS	*1/*2	PASS
HG00255	*2/*2	PASS	*2/*2	PASS
HG00737	*1/*35	PASS	*1/*35	PASS
HG01357	*1/*1	PASS	*1/*1	PASS
HG03058	*4x2/*4x2	PASS	*4x2/*4x2	PASS
NA12813	*2/*4	PASS	*2/*4	PASS
HG02660	*4/*41	PASS	*4/*41	PASS
HG00732	*41/*9	PASS	*41/*9	PASS
NA20906	*2/*2	PASS	*2/*2	PASS
HG01275	*4/*9	PASS	*4/*9	PASS
HG00442	*1/*1	PASS	*1/*1	PASS
NA20904	*1/*1	PASS	*1/*1	PASS
HG02861	*1/*4	PASS	*1/*4	PASS
HG01277	*1/*35	PASS	*1/*35	PASS
NA20314	*1/*1	PASS	*1/*1	PASS
HG03055	*2/*2x2	PASS	*2/*2x2	PASS
HG03452	*2x3/*29	PASS	*2x3/*29	PASS
HG03123	*17/*17	PASS	*17/*17	PASS
HG01345	*1/*6	PASS	*1/*6	PASS
NA19328	*17/*29	PASS	*17/*29	PASS
NA21110	*1/*2	PASS	*1/*2	PASS
NA18950	*1/*36+*10	PASS	*1/*36+*10	PASS
HG01351	*1/*1	PASS	*1/*1	PASS
HG03259	*106/*5	PASS	*106/*5	PASS
HG00189	*13+*2/*1	PASS	*13+*2/*1	PASS
HG01384	*1/*29	PASS	*1/*29	PASS
HG00116	*1/*1	PASS	*1/*1	PASS
HG02816	*1/*2	PASS	*1/*2	PASS
HG00186	*2/*4	PASS	*2/*4	PASS
NA20342	*1/*41	PASS	*1/*41	PASS
HG01356	*1/*1	PASS	*1/*1	PASS
HG02860	*2/*29	PASS	*2/*29	PASS
HG00128	*1/*3	PASS	*1/*3	PASS
NA18998	*1/*2	PASS	*1/*2	PASS
HG01342	*1/*5	PASS	*1/*5	PASS
HG00739	*1/*41	PASS	*1/*41	PASS
HG00131	*2/*4	PASS	*2/*4	PASS
HG01377	*1/*1	PASS	*1/*1	PASS
HG00382	*2/*41	PASS	*2/*41	PASS
NA20317	*1/*5	PASS	*1/*5	PASS
HG03133	*17/*2x2	PASS	*17/*2x2	PASS
HG01350	*2/*2	PASS	*2/*2	PASS
HG00406	*10/*41	PASS	*10/*41	PASS
HG02789	*1/*1	PASS	*1/*1	PASS
HG01383	*1/*1	PASS	*1/*1	PASS
NA19378	*29/*45x3	PASS	*29/*45x3	PASS
NA19913	*1/*2	PASS	*1/*2	PASS
NA20334	*1/*17	PASS	*1/*17	PASS
HG01354	*1/*4	PASS	*1/*4	PASS
HG00378	*1/*3	PASS	*1/*3	PASS
HG02757	*17/*2	PASS	*17/*2	PASS
NA18999	*1/*2	PASS	*1/*2	PASS
HG00380	*1/*1	PASS	*1/*1	PASS
HG02790	*35/*68+*4	PASS	*35/*68+*4	PASS
HG00321	*2/*3	PASS	*2/*3	PASS
HG03943	*1/*2	PASS	*1/*2	PASS
NA20274	*1/*1	PASS	*1/*1	PASS
NA18995	*1/*36+*10	PASS	*1/*36+*10	PASS
HG01378	*2/*9	PASS	*2/*9	PASS
NA19355	*1/*17	PASS	*1/*17	PASS
HG02784	*2/*41	PASS	*2/*41	PASS
HG02121	*36+*10/*36+*10	PASS	*36+*10/*36+*10	PASS
NA19360	*17/*4	PASS	*17/*4	PASS
HG01098	*1/*41	PASS	*1/*41	PASS
HG01375	*1/*41	PASS	*1/*41	PASS
HG03896	*1/*2x2	PASS	*1/*2x2	PASS
NA20320	*2/*5	PASS	*2/*5	PASS
HG01389	*3/*4	PASS	*3/*4	PASS
HG00379	*1/*2	PASS	*1/*2	PASS
NA20287	*36/*36	PASS	*36/*36	PASS
HG00409	*5/*36+*10	PASS	*5/*36+*10	PASS
HG01365	*1/*9	PASS	*1/*9	PASS
NA19376	*2/*29	PASS	*2/*29	PASS
HG01097	*2x2/*31	PASS	*2x2/*31	PASS
HG01366	*2/*2	PASS	*2/*2	PASS
NA19372	*10/*2	PASS	*10/*2	PASS
NA18878	*1/*17	PASS	*1/*17	PASS
HG02786	*2/*86	PASS	*2/*86	PASS
HG02127	None	None	None	None
HG00407	*2/*36+*10	PASS	*2/*36+*10	PASS
NA20318	*1/*5	PASS	*1/*5	PASS
HG02122	*10/*36+*10	PASS	*10/*36+*10	PASS
HG03565	*17/*36	PASS	*17/*36	PASS
NA18915	*17/*45	PASS	*17/*45	PASS
HG02787	*1/*1	PASS	*1/*1	PASS
HG03478	*1/*17	PASS	*1/*17	PASS
HG01353	*1/*1	PASS	*1/*1	PASS
NA20321	*1/*5	PASS	*1/*5	PASS
HG00428	*1/*36+*10	PASS	*1/*36+*10	PASS
HG01441	*4/*4	PASS	*4/*4	PASS
HG00675	*36+*10/*36+*10	PASS	*36+*10/*36+*10	PASS
NA18489	*1/*29	PASS	*1/*29	PASS
HG00419	*1/*5	PASS	*1/*5	PASS
HG01440	*1/*35	PASS	*1/*35	PASS
HG00632	*10/*36+*10	PASS	*10/*36+*10	PASS
NA19377	*1/*29	PASS	*1/*29	PASS
HG01982	*2/*2	PASS	*2/*2	PASS
NA19000	*1/*5	PASS	*1/*5	PASS
HG00599	*1/*36+*10	PASS	*1/*36+*10	PASS
HG02291	*1/*1	PASS	*1/*1	PASS
HG03900	*1/*2	PASS	*1/*2	PASS
HG01072	*1/*1	PASS	*1/*1	PASS
HG01990	*17/*5	PASS	*17/*5	PASS
HG03713	*1/*4	PASS	*1/*4	PASS
HG00410	*1/*2	PASS	*1/*2	PASS
NA20340	*29/*29	PASS	*29/*29	PASS
HG02128	*1/*36+*10	PASS	*1/*36+*10	PASS
NA19375	*27/*29	PASS	*27/*29	PASS
HG00631	*10/*5	PASS	*10/*5	PASS
HG01438	*1/*1x2	PASS	*1/*1x2	PASS
HG00422	*10/*2	PASS	*10/*2	PASS
HG00728	*10/*10	PASS	*10/*10	PASS
NA18879	*29/*45	PASS	*29/*45	PASS
HG02394	*10/*41	PASS	*10/*41	PASS
NA19379	*1/*43	PASS	*1/*43	PASS
HG00622	*1/*10	PASS	*1/*10	PASS
HG01437	*1/*35	PASS	*1/*35	PASS
HG00623	*36+*36+*10/*36+*36+*10	PASS	*36+*36+*10/*36+*36+*10	PASS
HG03069	*2/*40	PASS	*2/*40	PASS
HG02053	*1/*17	PASS	*1/*17	PASS
HG01070	*41/*41	PASS	*41/*41	PASS
NA18881	*1/*1	PASS	*1/*1	PASS
HG00421	*10x2/*2	PASS	*10x2/*2	PASS
HG01986	*1/*1	PASS	*1/*1	PASS
NA20355	*1/*5	PASS	*1/*5	PASS
HG03898	None	None	None	None
HG01374	*1/*4	PASS	*1/*4	PASS
HG00598	*36+*10/*36+*10	PASS	*36+*10/*36+*10	PASS
NA19006	*1/*1	PASS	*1/*1	PASS
HG02256	*2/*35	PASS	*2/*35	PASS
HG03072	*1/*10	PASS	*1/*10	PASS
HG01073	*2/*4	PASS	*2/*4	PASS
HG02317	*1/*10	PASS	*1/*10	PASS
NA19007	*1/*1	PASS	*1/*1	PASS
HG01915	*1/*1	PASS	*1/*1	PASS
HG00729	*10/*5	PASS	*10/*5	PASS
NA19374	*2/*41	PASS	*2/*41	PASS
HG02255	*1/*2	PASS	*1/*2	PASS
NA19057	*10/*2	PASS	*10/*2	PASS
HG00674	*1/*41	PASS	*1/*41	PASS
HG00476	*1/*41	PASS	*1/*41	PASS
HG01914	*41/*5	PASS	*41/*5	PASS
HG03473	*1/*2	PASS	*1/*2	PASS
HG03770	*4/*41	PASS	*4/*41	PASS
NA20847	*2/*2	PASS	*2/*2	PASS
HG02054	*1/*17	PASS	*1/*17	PASS
HG03539	*17/*29	PASS	*17/*29	PASS
HG03731	*1/*10	PASS	*1/*10	PASS
HG02271	*1/*2	PASS	*1/*2	PASS
HG01095	*1/*4	PASS	*1/*4	PASS
HG03771	*1/*1	PASS	*1/*1	PASS
HG01390	*1/*17	PASS	*1/*17	PASS
NA20359	*2/*4x2	PASS	*2/*4x2	PASS
HG03538	*2/*2x2	PASS	*2/*2x2	PASS
HG00475	*36+*36/*41	PASS	*36+*36/*41	PASS
HG01912	*1/*2	PASS	*1/*2	PASS
HG03241	*1x2/*2	PASS	*1x2/*2	PASS
HG00478	*10/*36+*10	PASS	*10/*36+*10	PASS
HG02397	*1/*36+*10	PASS	*1/*36+*10	PASS
NA20849	*10/*41	PASS	*10/*41	PASS
HG01124	*2/*2	PASS	*2/*2	PASS
NA19394	*2/*29	PASS	*2/*29	PASS
HG02314	*1/*2	PASS	*1/*2	PASS
HG01111	*1/*33	PASS	*1/*33	PASS
NA19391	*2/*27	PASS	*2/*27	PASS
NA18984	*10/*36+*10	PASS	*10/*36+*10	PASS
HG02396	*5/*36+*10	PASS	*5/*36+*10	PASS
HG02819	*1/*2	PASS	*1/*2	PASS
NA19390	*2/*2	PASS	*2/*2	PASS
HG02147	*1/*1	PASS	*1/*1	PASS
HG03025	*1/*45	PASS	*1/*45	PASS
HG00436	*2x2/*71	PASS	*2x2/*71	PASS
NA19056	*1/*1	PASS	*1/*1	PASS
HG02259	*1/*2	PASS	*1/*2	PASS
HG01108	*106/*2	PASS	*106/*2	PASS
NA19393	*1/*29x2	PASS	*1/*29x2	PASS
HG01958	*2x2/*4x2	PASS	*2x2/*4x2	PASS
NA19011	*1/*10	PASS	*1/*10	PASS
HG02854	*2/*40	PASS	*2/*40	PASS
NA19395	*17/*29	PASS	*17/*29	PASS
HG02272	*1/*1	PASS	*1/*1	PASS
HG02855	*17/*36	PASS	*17/*36	PASS
HG03716	*1/*1	PASS	*1/*1	PASS
HG02277	*1/*1	PASS	*1/*1	PASS
NA20346	*17/*2	PASS	*17/*2	PASS
HG03730	*2/*41	PASS	*2/*41	PASS
HG02146	*1x2/*2	PASS	*1x2/*2	PASS
HG01110	*1/*2	PASS	*1/*2	PASS
HG00473	*1/*1	PASS	*1/*1	PASS
NA19004	*1/*2	PASS	*1/*2	PASS
HG02260	*1/*1	PASS	*1/*1	PASS
HG01085	*2/*31	PASS	*2/*31	PASS
NA19380	*2/*29	PASS	*2/*29	PASS
HG02318	*1/*1	PASS	*1/*1	PASS
HG03209	*2/*2	PASS	*2/*2	PASS
NA20356	*1/*1	PASS	*1/*1	PASS
HG00457	*1/*2x2	PASS	*1/*2x2	PASS
HG02281	*17/*3	PASS	*17/*3	PASS
HG03024	*1/*46;*43/*45	More_than_one_possible_genotype	*1/*46;*43/*45	More_than_one_possible_genotype
NA19385	*1/*45	PASS	*1/*45	PASS
HG02278	*1/*1	PASS	*1/*1	PASS
HG01125	*1/*1	PASS	*1/*1	PASS
NA19010	*1/*10	PASS	*1/*10	PASS
HG00437	*36+*10/*36+*36+*10	PASS	*36+*10/*36+*36+*10	PASS
HG02282	*10/*17	PASS	*10/*17	PASS
HG03240	*1/*2	PASS	*1/*2	PASS
HG02315	*17/*17	PASS	*17/*17	PASS
NA19002	*1/*10	PASS	*1/*10	PASS
HG00458	None	None	None	None
HG02820	*1x2/*29	PASS	*1x2/*29	PASS
HG03714	*1/*2	PASS	*1/*2	PASS
HG02373	*14/*36+*10	PASS	*14/*36+*10	PASS
HG03088	*1/*2	PASS	*1/*2	PASS
NA19058	*36+*10/*36+*10	PASS	*36+*10/*36+*10	PASS
HG03722	*4/*5	PASS	*4/*5	PASS
HG01101	*2/*41	PASS	*2/*41	PASS
HG02012	*17/*5	PASS	*17/*5	PASS
NA19383	*2/*2	PASS	*2/*2	PASS
NA19054	*1/*36+*10	PASS	*1/*36+*10	PASS
HG03246	*43/*5	PASS	*43/*5	PASS
HG01894	*17/*4x2	PASS	*17/*4x2	PASS
HG03717	*1/*2	PASS	*1/*2	PASS
NA18985	*36+*10/*36+*10	PASS	*36+*10/*36+*10	PASS
HG03470	None	None	None	None
HG02299	*1/*5	PASS	*1/*5	PASS
NA19384	*29/*46	PASS	*29/*46	PASS
HG01094	*1/*31	PASS	*1/*31	PASS
HG02292	*1/*2	PASS	*1/*2	PASS
NA19003	*1/*1	PASS	*1/*1	PASS
HG00479	*1/*36+*36+*10	PASS	*1/*36+*36+*10	PASS
HG03247	*1/*29	PASS	*1/*29	PASS
HG02223	*4/*41	PASS	*4/*41	PASS
NA19399	*2/*2	PASS	*2/*2	PASS
HG01075	*2/*68+*4	PASS	*2/*68+*4	PASS
HG02231	*35/*4	PASS	*35/*4	PASS
NA18988	*1/*1	PASS	*1/*1	PASS
HG00525	*49/*36+*36+*10	PASS	*49/*36+*36+*10	PASS
HG03458	*1/*10	PASS	*1/*10	PASS
HG01082	*4/*41	PASS	*4/*41	PASS
NA19401	*125/*29	PASS	*125/*29	PASS
HG03410	*17/*29	PASS	*17/*29	PASS
HG03081	*17/*17	PASS	*17/*17	PASS
NA19017	*29/*68+*68+*45	PASS	*29_*45_*68_*68	Not_assigned_to_haplotypes
HG03781	*2/*99	PASS	*2/*99	PASS
HG02298	*2/*2	PASS	*2/*2	PASS
HG01086	*1/*31	PASS	*1/*31	PASS
HG03772	*2/*4	PASS	*2/*4	PASS
NA20348	*1/*46;*43/*45	More_than_one_possible_genotype	*1/*46;*43/*45	More_than_one_possible_genotype
HG01699	*1/*1	PASS	*1/*1	PASS
HG01112	*4/*41	PASS	*4/*41	PASS
NA19403	*29/*29	PASS	*29/*29	PASS
HG01113	*35/*68+*4	PASS	*35/*68+*4	PASS
HG03787	*1/*1	PASS	*1/*1	PASS
NA19055	*2/*2	PASS	*2/*2	PASS
NA19431	*1/*45	PASS	*1/*45	PASS
HG01083	*1/*2	PASS	*1/*2	PASS
NA19397	*17/*2	PASS	*17/*2	PASS
NA18983	*1/*1	PASS	*1/*1	PASS
HG03680	*4/*41	PASS	*4/*41	PASS
NA19404	*29/*43	PASS	*29/*43	PASS
HG01170	*1/*5	PASS	*1/*5	PASS
NA20845	*2/*4	PASS	*2/*4	PASS
NA19429	*2/*45	PASS	*2/*45	PASS
HG03928	*2/*41	PASS	*2/*41	PASS
HG03681	*1/*1	PASS	*1/*1	PASS
NA19428	*2/*29	PASS	*2/*29	PASS
NA20357	*17/*5	PASS	*17/*5	PASS
HG02086	*10/*36+*10	PASS	*10/*36+*10	PASS
HG00524	*2/*36+*10	PASS	*2/*36+*10	PASS
HG03911	*4/*68+*4	PASS	*4/*68+*4	PASS
NA19439	*1/*2	PASS	*1/*2	PASS
NA20846	*2/*41	PASS	*2/*41	PASS
HG01148	*2/*6	PASS	*2/*6	PASS
HG00530	*1/*1	PASS	*1/*1	PASS
HG01139	None	None	None	None
NA20850	*1/*2	PASS	*1/*2	PASS
HG01137	*1/*1	PASS	*1/*1	PASS
HG02049	*10/*36+*10	PASS	*10/*36+*10	PASS
NA19009	*1/*1	PASS	*1/*1	PASS
HG01133	None	None	None	None
NA18986	*2/*36+*10	PASS	*2/*36+*10	PASS
HG02139	*36+*10/*36+*10	PASS	*36+*10/*36+*10	PASS
HG03916	*1/*43	PASS	*1/*43	PASS
NA19012	*1/*1	PASS	*1/*1	PASS
HG03931	*1/*1	PASS	*1/*1	PASS
HG01168	*1/*2	PASS	*1/*2	PASS
NA18989	*1/*2	PASS	*1/*2	PASS
HG02088	*1/*36+*10	PASS	*1/*36+*10	PASS
HG02142	*10/*36+*10	PASS	*10/*36+*10	PASS
NA20872	*4/*41	PASS	*4/*41	PASS
HG02087	*36+*10/*36+*10	PASS	*36+*10/*36+*10	PASS
NA19716	*1/*2	PASS	*1/*2	PASS
HG02140	*1/*36+*10	PASS	*1/*36+*10	PASS
NA20852	*4/*7	PASS	*4/*7	PASS
HG01878	*1/*71	PASS	*1/*71	PASS
NA19074	*10/*5	PASS	*10/*5	PASS
NA19062	*1/*1	PASS	*1/*1	PASS
NA20870	*1/*7	PASS	*1/*7	PASS
NA19075	*1/*10x2	PASS	*1/*10x2	PASS
NA20851	*2/*2	PASS	*2/*2	PASS
NA20853	*1/*41	PASS	*1/*41	PASS
NA19020	*1/*1	PASS	*1/*1	PASS
NA19064	*1/*1	PASS	*1/*1	PASS
NA20856	*2/*4	PASS	*2/*4	PASS
NA19060	*1/*36+*10	PASS	*1/*36+*10	PASS
NA20862	*1/*2	PASS	*1/*2	PASS
NA19024	*1/*1	PASS	*1/*1	PASS
NA20858	*1/*41	PASS	*1/*41	PASS
NA20874	*41/*41	PASS	*41/*41	PASS
NA19717	*1/*1	PASS	*1/*1	PASS
NA19023	*2/*27	PASS	*2/*27	PASS
NA19019	*1/*2	PASS	*1/*2	PASS
NA19065	*1/*36+*10	PASS	*1/*36+*10	PASS
NA20854	*2/*2	PASS	*2/*2	PASS
NA19028	*1/*2	PASS	*1/*2	PASS
NA19070	*1/*36+*10	PASS	*1/*36+*10	PASS
NA19030	*17/*43	PASS	*17/*43	PASS
NA19027	*29/*41	PASS	*29/*41	PASS
NA19713	*17/*4x2	PASS	*17/*4x2	PASS
NA19067	*10/*36+*10	PASS	*10/*36+*10	PASS
NA19035	*2/*5	PASS	*2/*5	PASS
NA19059	*1/*1	PASS	*1/*1	PASS
NA19068	*1/*36+*10	PASS	*1/*36+*10	PASS
NA20859	*1/*1	PASS	*1/*1	PASS
NA19066	*1/*21	PASS	*1/*21	PASS
NA19072	*1/*1	PASS	*1/*1	PASS
NA19063	*36+*10/*36+*10	PASS	*36+*10/*36+*10	PASS
NA20861	*1/*41	PASS	*1/*41	PASS
NA19042	*41/*43	PASS	*41/*43	PASS
NA20866	*1/*2	PASS	*1/*2	PASS
NA20869	*41/*41	PASS	*41/*41	PASS
NA19722	*1/*2	PASS	*1/*2	PASS
NA19083	*1/*5	PASS	*1/*5	PASS
NA19729	*1/*4	PASS	*1/*4	PASS
NA20884	*1/*111	PASS	*1/*111	PASS
NA19077	*1/*2	PASS	*1/*2	PASS
NA20885	*2/*41	PASS	*2/*41	PASS
NA20876	*2/*41	PASS	*2/*41	PASS
NA20877	*1/*1	PASS	*1/*1	PASS
NA19081	*1/*36+*10	PASS	*1/*36+*10	PASS
NA19725	*1/*68+*4	PASS	*1/*68+*4	PASS
NA20881	*1/*1	PASS	*1/*1	PASS
NA19082	*36+*10/*36+*10	PASS	*36+*10/*36+*10	PASS
NA19719	*13+*2/*35	PASS	*13+*2/*35	PASS
NA19720	*1/*4	PASS	*1/*4	PASS
NA19731	*1/*1	PASS	*1/*1	PASS
NA20882	*41/*5	PASS	*41/*5	PASS
NA20875	*1/*111	PASS	*1/*111	PASS
NA19723	*1/*1x2	PASS	*1/*1x2	PASS
NA19080	*1/*14	PASS	*1/*14	PASS
NA19728	*2/*2	PASS	*2/*2	PASS
NA19726	*1/*1	PASS	*1/*1	PASS
NA19078	*36+*10/*36+*10	PASS	*36+*10/*36+*10	PASS
NA19031	*1/*45	PASS	*1/*45	PASS
NA20878	*2/*86	PASS	*2/*86	PASS
NA19076	*10/*36+*10	PASS	*10/*36+*10	PASS
NA20894	*10/*2	PASS	*10/*2	PASS
NA19095	*1/*29	PASS	*1/*29	PASS
NA19759	*1/*2	PASS	*1/*2	PASS
NA19761	*1x2/*2	PASS	*1x2/*2	PASS
NA19749	*1/*2	PASS	*1/*2	PASS
NA19758	*2/*2	PASS	*2/*2	PASS
NA19085	*1/*2	PASS	*1/*2	PASS
NA19107	*17/*29	PASS	*17/*29	PASS
NA20895	*2/*4	PASS	*2/*4	PASS
NA20892	*1/*10	PASS	*1/*10	PASS
NA19755	*1/*4	PASS	*1/*4	PASS
NA19079	*1/*1	PASS	*1/*1	PASS
NA19756	*1/*2	PASS	*1/*2	PASS
NA19732	*1/*1	PASS	*1/*1	PASS
NA19747	*1/*1	PASS	*1/*1	PASS
NA19087	*1/*5	PASS	*1/*5	PASS
NA20891	*1/*4	PASS	*1/*4	PASS
NA20890	*1/*41	PASS	*1/*41	PASS
NA19086	*2/*36+*10	PASS	*2/*36+*10	PASS
NA20887	*1/*4	PASS	*1/*4	PASS
NA19746	*10/*4	PASS	*10/*4	PASS
NA20889	*2/*41	PASS	*2/*41	PASS
NA19096	*1/*17	PASS	*1/*17	PASS
NA20886	*2/*2	PASS	*2/*2	PASS
NA19084	*1/*10	PASS	*1/*10	PASS
NA20888	*1/*1	PASS	*1/*1	PASS
NA19088	*1/*10	PASS	*1/*10	PASS
NA19750	None	None	None	None
NA19092	*17/*4	PASS	*17/*4	PASS
NA20911	*10/*2	PASS	*10/*2	PASS
NA19776	*1/*36+*10	PASS	*1/*36+*10	PASS
NA19782	*1/*4	PASS	*1/*4	PASS
NA19130	*106/*29	PASS	*106/*29	PASS
NA19149	*1/*1	PASS	*1/*1	PASS
NA19783	*1/*5	PASS	*1/*5	PASS
NA19785	*13+*2/*1	PASS	*13+*2/*1	PASS
NA21089	*1/*86	PASS	*1/*86	PASS
NA19146	*2x2/*29	PASS	*2x2/*29	PASS
NA19780	*1/*9	PASS	*1/*9	PASS
NA19117	*1/*40	PASS	*1/*40	PASS
NA19779	*1/*4	PASS	*1/*4	PASS
NA19184	*17/*4x2	PASS	*17/*4x2	PASS
NA21090	*1/*111	PASS	*1/*111	PASS
NA19771	*2/*4	PASS	*2/*4	PASS
NA19786	*1/*1	PASS	*1/*1	PASS
NA19777	*1/*82	PASS	*1/*82	PASS
NA19121	*1/*4x2	PASS	*1/*4x2	PASS
NA21091	*2/*68+*4	PASS	*2/*68+*4	PASS
NA20908	*1/*10	PASS	*1/*10	PASS
NA19175	*1/*4x3	PASS	*1/*4x3	PASS
NA21088	*1/*111	PASS	*1/*111	PASS
NA19773	*1/*68+*4	PASS	*1/*68+*4	PASS
NA20897	*41/*68+*4	PASS	*41/*68+*4	PASS
NA19774	*1/*1	PASS	*1/*1	PASS
NA19113	*1/*17	PASS	*1/*17	PASS
NA20899	*1/*4	PASS	*1/*4	PASS
NA21086	*2/*2	PASS	*2/*2	PASS
NA19185	*1/*29	PASS	*1/*29	PASS
NA19770	*1/*2	PASS	*1/*2	PASS
NA20903	*1/*5	PASS	*1/*5	PASS
NA19118	*1/*4	PASS	*1/*4	PASS
NA19762	*1/*1	PASS	*1/*1	PASS
HG00361	*1/*6	PASS	*1/*6	PASS
NA19909	*1/*4x2	PASS	*1/*4x2	PASS
HG00360	*1/*10	PASS	*1/*10	PASS
HG00362	*2/*5	PASS	*2/*5	PASS
NA19256	*17/*5	PASS	*17/*5	PASS
NA07048	*1/*4	PASS	*1/*4	PASS
NA19247	*17/*2	PASS	*17/*2	PASS
NA19789	*1/*1	PASS	*1/*1	PASS
NA11932	*35/*5	PASS	*35/*5	PASS
NA19904	*1/*1	PASS	*1/*1	PASS
NA19908	*1/*46;*43/*45	More_than_one_possible_genotype	*1/*46;*43/*45	More_than_one_possible_genotype
NA19788	*13+*2/*2	PASS	*13+*2/*2	PASS
HG00356	*1/*13	PASS	*1/*13	PASS
NA19900	*29/*3	PASS	*29/*3	PASS
NA19795	*1/*2	PASS	*1/*2	PASS
HG00357	*1/*41	PASS	*1/*41	PASS
NA19197	*17/*29	PASS	*17/*29	PASS
NA19236	*17/*2	PASS	*17/*2	PASS
NA19901	*1/*1	PASS	*1/*1	PASS
HG00353	*2/*2	PASS	*2/*2	PASS
HG00358	*35/*35	PASS	*35/*35	PASS
NA19189	*2/*4x2	PASS	*2/*4x2	PASS
NA19248	*2/*29	PASS	*2/*29	PASS
NA19213	*1/*1	PASS	*1/*1	PASS
NA19794	*1/*1	PASS	*1/*1	PASS
HG00349	*4/*41	PASS	*4/*41	PASS
NA19235	*1/*17	PASS	*1/*17	PASS
NA19835	*1/*45	PASS	*1/*45	PASS
NA19819	*2/*4x2	PASS	*2/*4x2	PASS
HG00351	*35/*6	PASS	*35/*6	PASS
NA19818	*1/*17	PASS	*1/*17	PASS
HG00346	*1/*1	PASS	*1/*1	PASS
HG00355	*6/*68+*4	PASS	*6/*68+*4	PASS
NA19834	*2/*45	PASS	*2/*45	PASS
NA19198	*17/*17	PASS	*17/*17	PASS
NA19214	*106/*106	PASS	*106/*106	PASS
