Coriell	CYP2C8_getrm_ngs	CYP2C8_ursa	CYP2C9_getrm_ngs	CYP2C9_ursa	CYP2C19_getrm_ngs	CYP2C19_ursa	CYP2D6_getrm_cons	CYP2D6_ursa
HG00276	*1/*3	*1|*3	*1/*2	*1|*2	*1/*1	*1|*1	*4/*5	*4/*5
HG00436	*1/*1	*1|*1	*1/*1	*1|*1	*1/*1	*1|*1	*2x2/*71	*2x2/*71
HG00589	*1/*1	*1|*1	*1/*1	*1|*1	*1/*1	*1|*1	*1/*21	*1/*21
HG01190	*1/*3	*3|*1	*2/*61	*61|*1	*1/*2	*1|*2	*68+*4/*5	*5/*68+*4
NA06991	*1/*1	*1|*1	*1/*1	*1|*1	*1/*1	*1|*1	*1/*4	*1/*4
NA07000	*1/*1	*1|*1	*1/*1	*1|*1	*1/*17	*17|*1	*2 (*35)/*9	*35/*9
NA07019	*1/*1	*1|*1	*1/*1	*1|*1	*1/*17	*17|*1	*1/*4	*1/*4
NA07029	*1/*3	*3|*1	*1/*2	*2|*1	*8/*17	*8|*17	*1/*35	*1/*35
NA07048	*1/*18	*18|*1	*1/*1	*1|*1	*1/*17	*1|*17	*1/*4	*1/*4
NA07055	*1/*1	*1|*1	*1/*1	*1|*1	*1/*17	*17|*1	*4/*4	*4/*4
NA07056	*1/*1	*1|*1	*1/*1	*1|*1	*1/*1	*1|*1	*2/*4	*2/*4
NA07348	*1/*4	*4|*1	*1/*1	*1|*1	*2/*17	*2|*17	*1/*6	*1/*6
NA07357	*1/*4	*4|*1	*1/*1	*1|*1	*2/*17	*2|*17	*1/*6	*1/*6
NA10831	*1/*1	*1|*1	*1/*2	*1|*2	*1/*17	*17|*1	*4/*5	*4/*5
NA10838	*1/*1	*1|*1	*1/*1	*1|*1	*1/*1	*1|*1	*2/*4	*2/*4
NA10846	*1/*1	*1|*1	*1/*1	*1|*1	*1/*17	*1|*17	*1/*4	*1/*4
NA10847	*1/*1	*1|*1	*1/*1	*1|*1	*1/*1	*1|*1	*1/*41	*1/*41
NA10851	*1/*1	*1|*1	*1/*1	*1|*1	*1/*17	*17|*1	*1/*4	*1/*4
NA10854	*3/*3	*3|*3	*2/*2	*2|*2	*1/*1	*1|*1	*1/*4	*1/*4
NA10855	*1/*3	*3|*1	*2/*3	*2|*3	*1/*38	*1|*38	*1/(*68)+*4	*1/*68+*4
NA10856	*1/*1	*1|*1	*1/*2	*1|*2	*1/*2	*2|*1	*1/*5	*1/*5
NA10859	*1/*1	*1|*1	*1/*1	*1|*1	*1/*1	*1|*1	*1/*2	*1/*2
NA10865	*1/*3	*1|*3	*1/*2	*1|*2	*8/*17	*17|*8	*1/*41	*1/*41
NA11832	*1/*1	*1|*1	*1/*3	*1|*3	*2/*38	*2|*38	*1/(*68)+*4	*1/*68+*4
NA11839	*1/*3	*3|*1	*2/*3	*2|*3	*1/*38	*1|*38	*1/*2	*1/*2
NA11881	*1/*1	*1|*1	*1/*1	*1|*1	*1/*17	*1|*17	*2/*3	*2/*3
NA11993	*1/*1	*1|*1	*1/*1	*1|*1	*1/*1	*1|*1	*1/*9	*1/*9
NA12003	*1/*3	*1|*3	*1/*2	*1|*2	*1/*1	*1|*1	*4/*35	*35/*4
NA12006	*1/*1	*1|*1	*1/*1	*1|*1	*1/*1	*1|*1	*4/*41	*4/*41
NA12145	*1/*4	*4|*1	*1/*1	*1|*1	*2/*17	*2|*17	*1/*4	*1/*4
NA12156	*1/*15	*15|*1	*1/*2	*1|*2	*1/*1	*1|*1	*1/*4	*1/*4
NA12236	*1/*1	*1|*1	*1/*1	*1|*1	*1/*17	*17|*1	*1/*4	*1/*4
NA12336	*1/*1	*1|*1	*1/*1	*1|*1	*17/*17	*17|*17	*5/*41	*41/*5
NA12717	*1/*1	*1|*1	*1/*1	*1|*1	*2/*2	*2|*2	*1/*1	*1/*1
NA12753	*1/*4	*1|*4	*1/*9	*9|*1	*1/*2	*1|*2	*2/*3	*2/*3
NA12813	*1/*1	*1|*1	*1/*3	*1|*3	*17/*38	*17|*38	*2/*4	*2/*4
NA12815	*1/*1	*1|*1	*1/*8	*8|*1	*1/*2	*2|*1	*2/*41	*2/*41
NA12873	*1/*1	*1|*1	*1/*1	*1|*1	*1/*17	*17|*1	*1/*5	*1/*5
NA12878	*1/*3	*1|*3	*1/*2	*1|*2	*1/*2	*2|*1	*3/(*68)+*4	*3/*68+*4
NA12892	*1/*3	*3|*1	*1/*2	*2|*1	*1/*1	*1|*1	*2/*3	*2/*3
NA18484	*1/*4	*1|*4	*1/*9	*9|*1	*1/*2	*1|*2	*1/*17	*1/*17
NA18518	*1/*2	*2|*1	*1/*1	*1|*1	*2/*17	*17|*2	*17/*29	*17/*29
NA18519	*1/*2	*2|*1	*1/*5	*1|*5	*1/*17	*17|*1	*1/*29	*106/*29
NA18526	*1/*1	*1|*1	*1/*1	*1|*1	*1/*1	*1|*1	*1/*36x2+*10	*1/*36+*36+*10
NA18544	*1/*1	*1|*1	*1/*1	*1|*1	*1/*2	*2|*1	*10/*41	*10/*41
NA18552	*1/*1	*1|*1	*1/*1	*1|*1	*1/*4	*1|*4	*1/*14	*1/*14
NA18563	*1/*1	*1|*1	*1/*3	*1|*3	*1/*38	*1|*38	*1/*36+*10	*1/*36+*10
NA18564	*1/*1	*1|*1	*1/*1	*1|*1	*2/*3	*3|*2	*2A/*36+*10	*2/*36+*10
NA18565	*1/*1	*1|*1	*1/*1	*1|*1	*1/*1	*1|*1	*10/*36x2	*36/*36+*10
NA18572	*1/*1	*1|*1	*1/*1	*1|*1	*1/*1	*1|*1	*36+*10/*41	*41/*36+*10
NA18617	*1/*1	*1|*1	*1/*1	*1|*1	*1/*2	*1|*2	*36+*10/*36+*10	*36+*10/*36+*10
NA18855	*1/*1	*1|*1	*1/*9	*1|*9	*1/*2	*2|*1	*1/*5	*1/*5
NA18861	*1/*1	*1|*1	*1/*1	*1|*1	*1/*1	*1|*1	*5/*29	*29/*5
NA18868	*1/*1	*1|*1	*1/*1	*1|*1	*1/*2	*1|*2	*2/*5	*2/*5
NA18873	*1/*1	*1|*1	*1/*8	*1|*8	*1/*2	*2|*1	*5/*17	*17/*5
NA18942	*1/*1	*1|*1	*1/*1	*1|*1	*1/*1	*1|*1	*2/*2	*2/*2
NA18945	*1/*1	*1|*1	*1/*1	*1|*1	*1/*2	*1|*2	*1/*5	*1/*5
NA18952	*1/*1	*1|*1	*1/*1	*1|*1	*1/*38	*38|*1	*2/*2	*2/*2
NA18959	*1/*1	*1|*1	*1/*3	*3|*1	*1/*38	*38|*1	*2/*36+*10	*2/*36+*10
NA18966	*1/*1	*1|*1	*1/undefined	*1|*1	*1/*1	*1|*1	*1/*2	*1/*2
NA18973	*1/*1	*1|*1	*1/*1	*1|*1	*1/*1	*1|*1	*1/*21	*1/*21
NA18980	*1/*1	*1|*1	*1/*1	*1|*1	*1/*1	*1|*1	*2/*36+*10	*2/*36+*10
NA18992	*1/*1	*1|*1	*1/*1	*1|*1	*1/*1	*1|*1	*1/*5	*1/*5
NA19003	*1/*1	*1|*1	*1/*1	*1|*1	*1/*2	*1|*2	*1/*1	*1/*1
NA19007	*1/*1	*1|*1	*1/*1	*1|*1	*1/*1	*1|*1	*1/*1	*1/*1
NA19035	*2/*2	*2|*2	*1/*1	*1|*1	*17/*17	*17|*17	*2/*5	*2/*5
NA19095	*1/*2	*2|*1	*1/*1	*1|*1	*1/*1	*1|*1	*1/*29	*1/*29
NA19109	*2/*2	*2|*2	*1/*1	*1|*1	*17/*17	*17|*17	*2x2/*29	*2x2/*29
NA19122	*1/*1	*1|*1	*1/*11	*1|*11	*2/*35	*2|*Amb	*2/*17	*17/*2
NA19143	*1/*17	*17|*1	*1/*6	*1|*1	*1/*39	*39|*1	*2 (*45)/*10	*10/*45
NA19147	*1/*1	*1|*1	*1/*1	*1|*1	*1/*17	*17|*1	*17/*29	*17/*29
NA19174	*1/*1	*1|*1	*1/*1	*1|*1	*1/*2	*1|*2	*4/*40	*4/*40
NA19176	*2/*2	*2|*2	*1/*1	*1|*1	*2/*17	*2|*17	*1/*2	*1/*2
NA19207	*1/*2	*1|*2	*1/*1	*1|*1	*2/*17	*2|*17	*2x2/*10	*10/*2x2
NA19213	*1/*17	*17|*1	*1/*6	*1|*1	*1/*39	*39|*1	*1/*1	*1/*1
NA19226	*1/*1	*1|*1	*1/*8	*1|*8	*1/*2	*2|*1	*2/*2x2	*2/*2x2
NA19238	*1/*1	*1|*1	*1/*1	*1|*1	*1/*1	*1|*1	*1/*17	*1/*17
NA19239	*1/*2	*1|*2	*1/*1	*1|*1	*13/*17	*13|*17	*15/*17	*15/*17
NA19700	*1/*1	*1|*1	*1/*9	*9|*1	*1/*1	*1|*1	*4/*29	*29/*4
NA19785	*1/*1	*1|*1	*1/*1	*1|*1	*1/*1	*1|*1	*1/*13+*2	*13+*2/*1
NA19789	*1/*3	*1|*3	*1/*2	*1|*2	*1/*1	*1|*1	*1/*1	*1/*1
NA19819	*1/*2	*2|*1	*1/*1	*1|*1	*1/*17	*17|*1	*2/*4x2	*2/*4x2
NA19908	*1/*1	*1|*1	*1/*5	*1|*5	*1/*17	*17|*1	*1/*46	*1/*46;*43/*45
NA19917	*1/*16	*1|*16	*1/*1	*1|*1	*2/*15	*2|*15	*1/*40	*1/*40
NA19920	*1/*1	*1|*1	*1/*1	*1|*1	*1/*1	*1|*1	*1/*4x2	*1/*4x2
NA20296	*1/*1	*1|*1	*1/*1	*1|*1	*1/*1	*1|*1	*1/*2	*1/*2
NA20509	*1/*4	*1|*4	*1/*1	*1|*1	*2/*2	*2|*2	*4/*35	*35/*4
